Bulbasaur,Placaje
Bulbasaur,Danza espada
Bulbasaur,Corte
Bulbasaur,Derribo
Bulbasaur,Desarrollo
Bulbasaur,Doble equipo
Bulbasaur,Doble filo
Bulbasaur,Furia
Bulbasaur,Golpe cuerpo
Bulbasaur,Gruñido
Bulbasaur,Mimético
Bulbasaur,Sustituto
Bulbasaur,Venganza
Bulbasaur,Drenadoras
Bulbasaur,Hoja afilada
Bulbasaur,Látigo cepa
Bulbasaur,Megaagotar
Bulbasaur,Rayo solar
Bulbasaur,Somnífero
Bulbasaur,Descanso
Bulbasaur,Reflejo
Bulbasaur,Polvo veneno
Bulbasaur,Tóxico
Ivysaur,Placaje
Ivysaur,Danza espada
Ivysaur,Corte
Ivysaur,Derribo
Ivysaur,Desarrollo
Ivysaur,Doble equipo
Ivysaur,Doble filo
Ivysaur,Furia
Ivysaur,Golpe cuerpo
Ivysaur,Gruñido
Ivysaur,Mimético
Ivysaur,Sustituto
Ivysaur,Venganza
Ivysaur,Drenadoras
Ivysaur,Hoja afilada
Ivysaur,Látigo cepa
Ivysaur,Megaagotar
Ivysaur,Rayo solar
Ivysaur,Somnífero
Ivysaur,Descanso
Ivysaur,Reflejo
Ivysaur,Polvo veneno
Ivysaur,Tóxico
Venasaur,Placaje
Venasaur,Danza espada
Venasaur,Corte
Venasaur,Derribo
Venasaur,Desarrollo
Venasaur,Doble equipo
Venasaur,Doble filo
Venasaur,Furia
Venasaur,Golpe cuerpo
Venasaur,Gruñido
Venasaur,Hiperrayo
Venasaur,Mimético
Venasaur,Sustituto
Venasaur,Venganza
Venasaur,Drenadoras
Venasaur,Hoja afilada
Venasaur,Látigo cepa
Venasaur,Megaagotar
Venasaur,Rayo solar
Venasaur,Somnífero
Venasaur,Descanso
Venasaur,Reflejo
Venasaur,Polvo veneno
Venasaur,Tóxico
Charmander,Danza espada
Charmander,Furia dragón
Charmander,Onda trueno
Charmander,Ascuas
Charmander,Giro fuego
Charmander,Lanzallamas
Charmander,Llamarada
Charmander,Contraataque
Charmander,Movimiento sísmico
Charmander,Sumisión
Charmander,Arañazo
Charmander,Cabezazo
Charmander,Corte
Charmander,Cuchillada
Charmander,Derribo
Charmander,Doble equipo
Charmander,Doble filo
Charmander,Fuerza
Charmander,Furia
Charmander,Golpe cuerpo
Charmander,Gruñido
Charmander,Malicioso
Charmander,Megapatada
Charmander,MegaPuño
Charmander,Mimético
Charmander,Rapidez
Charmander,Venganza
Charmander,Descanso
Charmander,Reflejo
Charmander,Excavar
Charmander,Tóxico
Charmeleon,Danza espada
Charmeleon,Furia dragón
Charmeleon,Ascuas
Charmeleon,Giro fuego
Charmeleon,Lanzallamas
Charmeleon,Llamarada
Charmeleon,Contraataque
Charmeleon,Movimiento sísmico
Charmeleon,Sumisión
Charmeleon,Arañazo
Charmeleon,Cabezazo
Charmeleon,Corte
Charmeleon,Cuchillada
Charmeleon,Derribo
Charmeleon,Doble equipo
Charmeleon,Doble filo
Charmeleon,Fuerza
Charmeleon,Furia
Charmeleon,Golpe cuerpo
Charmeleon,Gruñido
Charmeleon,Malicioso
Charmeleon,Megapatada
Charmeleon,MegaPuño
Charmeleon,Mimético
Charmeleon,Rapidez
Charmeleon,Sustituto
Charmeleon,Venganza
Charmeleon,Descanso
Charmeleon,Reflejo
Charmeleon,Excavar
Charmeleon,Tóxico
Charizard,Danza espada
Charizard,Furia dragón
Charizard,Ascuas
Charizard,Giro fuego
Charizard,Lanzallamas
Charizard,Llamarada
Charizard,Contraataque
Charizard,Movimiento sísmico
Charizard,Sumisión
Charizard,Arañazo
Charizard,Cabezazo
Charizard,Corte
Charizard,Cuchillada
Charizard,Derribo
Charizard,Doble equipo
Charizard,Doble filo
Charizard,Fuerza
Charizard,Furia
Charizard,Golpe cuerpo
Charizard,Gruñido
Charizard,Hiperrayo
Charizard,Malicioso
Charizard,Megapatada
Charizard,MegaPuño
Charizard,Mimético
Charizard,Rapidez
Charizard,Sustituto
Charizard,Venganza
Charizard,Descanso
Charizard,Reflejo
Charizard,Excavar
Charizard,Fisura
Charizard,Terremoto
Charizard,Tóxico
Charizard,Vuelo
Squirtle,Placaje
Squirtle,Burbuja
Squirtle,Hidrobomba
Squirtle,Pistola de agua
Squirtle,Rayo burbuja
Squirtle,Refugio
Squirtle,Surf
Squirtle,Rayo hielo
Squirtle,Ventisca
Squirtle,Contraataque
Squirtle,Movimiento sísmico
Squirtle,Sumisión
Squirtle,Cabezazo
Squirtle,Derribo
Squirtle,Doble equipo
Squirtle,Doble filo
Squirtle,Fuerza
Squirtle,Furia
Squirtle,Golpe cuerpo
Squirtle,Látigo
Squirtle,Megapatada
Squirtle,MegaPuño
Squirtle,Mimético
Squirtle,Mordisco
Squirtle,Sustituto
Squirtle,Venganza
Squirtle,Descanso
Squirtle,Reflejo
Squirtle,Excavar
Wartortle,Placaje
Wartortle,Burbuja
Wartortle,Hidrobomba
Wartortle,Pistola de agua
Wartortle,Rayo burbuja
Wartortle,Refugio
Wartortle,Surf
Wartortle,Rayo hielo
Wartortle,Ventisca
Wartortle,Contraataque
Wartortle,Movimiento sísmico
Wartortle,Sumisión
Wartortle,Cabezazo
Wartortle,Derribo
Wartortle,Doble equipo
Wartortle,Doble filo
Wartortle,Fuerza
Wartortle,Furia
Wartortle,Golpe cuerpo
Wartortle,Látigo
Wartortle,Megapatada
Wartortle,MegaPuño
Wartortle,Mimético
Wartortle,Mordisco
Wartortle,Sustituto
Wartortle,Venganza
Wartortle,Descanso
Wartortle,Reflejo
Wartortle,Excavar
Blastoise,Placaje
Blastoise,Burbuja
Blastoise,Hidrobomba
Blastoise,Pistola de agua
Blastoise,Rayo burbuja
Blastoise,Refugio
Blastoise,Surf
Blastoise,Rayo hielo
Blastoise,Ventisca
Blastoise,Contraataque
Blastoise,Movimiento sísmico
Blastoise,Sumisión
Blastoise,Cabezazo
Blastoise,Derribo
Blastoise,Doble equipo
Blastoise,Doble filo
Blastoise,Fuerza
Blastoise,Furia
Blastoise,Golpe cuerpo
Blastoise,Hiperrayo
Blastoise,Látigo
Blastoise,Megapatada
Blastoise,MegaPuño
Blastoise,Mimético
Blastoise,Mordisco
Blastoise,Sustituto
Blastoise,Venganza
Blastoise,Descanso
Blastoise,Reflejo
Blastoise,Excavar
Blastoise,Fisura
Blastoise,Terremoto
Caperpie,Placaje
Caperpie,Disparo demora
Metapod,Fortaleza
Butterfree,Derribo
Butterfree,Destello
Butterfree,Doble equipo
Butterfree,Doble filo
Butterfree,Furia
Butterfree,Hiperrayo
Butterfree,Mimético
Butterfree,Rapidez
Butterfree,Remolino
Butterfree,Supersónico
Butterfree,Sustituto
Butterfree,Venganza
Butterfree,Viento cortante
Butterfree,Megaagotar
Butterfree,Paralizador
Butterfree,Rayo solar
Butterfree,Somnífero
Butterfree,Confusión
Butterfree,Descanso
Butterfree,Psicoonda
Butterfree,Psicorrayo
Butterfree,Psíquico
Butterfree,Reflejo
Butterfree,Teletransporte
Butterfree,Polvo veneno
Butterfree,Tóxico
Weedle,Disparo demora
Weedle,Picotazo venenoso
Kakuna,Fortaleza
Beedrill,Danza espada
Beedrill,Doble ataque
Beedrill,Pin misil
Beedrill,Ataque furia
Beedrill,Cabezazo
Beedrill,Corte
Beedrill,Derribo
Beedrill,Doble equipo
Beedrill,Doble filo
Beedrill,Foco energía
Beedrill,Furia
Beedrill,Hiperrayo
Beedrill,Mimético
Beedrill,Rapidez
Beedrill,Sustituto
Beedrill,Venganza
Beedrill,Megaagotar
Beedrill,Agilidad
Beedrill,Descanso
Beedrill,Reflejo
Beedrill,Tóxico
Pidgey,Ataque arena
Pidgey,Ataque rápido
Pidgey,Derribo
Pidgey,Doble equipo
Pidgey,Doble filo
Pidgey,Furia
Pidgey,Mimético
Pidgey,Rapidez
Pidgey,Remolino
Pidgey,Sustituto
Pidgey,Tornado
Pidgey,Venganza
Pidgey,Viento cortante
Pidgey,Agilidad
Pidgey,Descanso
Pidgey,Reflejo
Pidgey,Tóxico
Pidgey,Ataque aéreo
Pidgey,Ataque ala
Pidgey,Movimiento espejo
Pidgey,Vuelo
Pidgeotto,Ataque arena
Pidgeotto,Ataque rápido
Pidgeotto,Derribo
Pidgeotto,Doble equipo
Pidgeotto,Doble filo
Pidgeotto,Furia
Pidgeotto,Mimético
Pidgeotto,Rapidez
Pidgeotto,Remolino
Pidgeotto,Sustituto
Pidgeotto,Tornado
Pidgeotto,Venganza
Pidgeotto,Viento cortante
Pidgeotto,Agilidad
Pidgeotto,Descanso
Pidgeotto,Reflejo
Pidgeotto,Tóxico
Pidgeotto,Ataque aéreo
Pidgeotto,Ataque ala
Pidgeotto,Movimiento espejo
Pidgeotto,Vuelo
Pidgeot,Ataque arena
Pidgeot,Ataque rápido
Pidgeot,Derribo
Pidgeot,Doble equipo
Pidgeot,Doble filo
Pidgeot,Furia
Pidgeot,Hiperrayo
Pidgeot,Mimético
Pidgeot,Rapidez
Pidgeot,Remolino
Pidgeot,Sustituto
Pidgeot,Tornado
Pidgeot,Venganza
Pidgeot,Viento cortante
Pidgeot,Agilidad
Pidgeot,Descanso
Pidgeot,Reflejo
Pidgeot,Tóxico
Pidgeot,Ataque aéreo
Pidgeot,Ataque ala
Pidgeot,Movimiento espejo
Pidgeot,Vuelo
Rattata,Placaje
Rattata,Pistola de agua
Rattata,Rayo burbuja
Rattata,Rayo
Rattata,Trueno
Rattata,Ventisca
Rattata,Ataque rápido
Rattata,Cabezazo
Rattata,Derribo
Rattata,Doble equipo
Rattata,Doble filo
Rattata,Foco energía
Rattata,Furia
Rattata,Golpe cuerpo
Rattata,Hipercolmillo
Rattata,Látigo
Rattata,Mimético
Rattata,Rapidez
Rattata,Superdiente
Rattata,Sustituto
Rattata,Venganza
Rattata,Descanso
Rattata,Excavar
Rattata,Tóxico
Raticate,Placaje
Raticate,Pistola de agua
Raticate,Rayo burbuja
Raticate,Rayo
Raticate,Trueno
Raticate,Rayo hielo
Raticate,Ventisca
Raticate,Ataque rápido
Raticate,Cabezazo
Raticate,Derribo
Raticate,Doble equipo
Raticate,Doble filo
Raticate,Foco energía
Raticate,Furia
Raticate,Golpe cuerpo
Raticate,Hipercolmillo
Raticate,Hiperrayo
Raticate,Látigo
Raticate,Mimético
Raticate,Rapidez
Raticate,Superdiente
Raticate,Sustituto
Raticate,Venganza
Raticate,Descanso
Raticate,Excavar
Raticate,Tóxico
Spearow,Ataque furia
Spearow,Derribo
Spearow,Doble equipo
Spearow,Doble filo
Spearow,Furia
Spearow,Gruñido
Spearow,Malicioso
Spearow,Mimético
Spearow,Rapidez
Spearow,Remolino
Spearow,Sustituto
Spearow,Venganza
Spearow,Viento cortante
Spearow,Agilidad
Spearow,Descanso
Spearow,Tóxico
Spearow,Ataque aéreo
Spearow,Movimiento espejo
Spearow,Pico taladro
Spearow,Picotazo
Spearow,Vuelo
Fearow,Ataque furia
Fearow,Derribo
Fearow,Doble equipo
Fearow,Doble filo
Fearow,Furia
Fearow,Gruñido
Fearow,Hiperrayo
Fearow,Malicioso
Fearow,Mimético
Fearow,Rapidez
Fearow,Remolino
Fearow,Sustituto
Fearow,Venganza
Fearow,Viento cortante
Fearow,Agilidad
Fearow,Descanso
Fearow,Tóxico
Fearow,Ataque aéreo
Fearow,Movimiento espejo
Fearow,Pico taladro
Fearow,Picotazo
Fearow,Vuelo
Ekans,Cabezazo
Ekans,Chirrido
Ekans,Derribo
Ekans,Deslumbrar
Ekans,Doble equipo
Ekans,Doble filo
Ekans,Fuerza
Ekans,Furia
Ekans,Golpe cuerpo
Ekans,Malicioso
Ekans,Mimético
Ekans,Mordisco
Ekans,Constricción
Ekans,Sustituto
Ekans,Venganza
Ekans,Megaagotar
Ekans,Descanso
Ekans,Avalancha
Ekans,Fisura
Ekans,Terremoto
Ekans,Ácido
Ekans,Picotazo venenoso
Ekans,Tóxico
Arbok,Cabezazo
Arbok,Chirrido
Arbok,Derribo
Arbok,Deslumbrar
Arbok,Doble equipo
Arbok,Doble filo
Arbok,Fuerza
Arbok,Furia
Arbok,Golpe cuerpo
Arbok,Hiperrayo
Arbok,Malicioso
Arbok,Mimético
Arbok,Mordisco
Arbok,Constricción
Arbok,Sustituto
Arbok,Venganza
Arbok,Megaagotar
Arbok,Descanso
Arbok,Avalancha
Arbok,Fisura
Arbok,Terremoto
Arbok,Ácido
Arbok,Picotazo venenoso
Arbok,Tóxico
Pikachu,Impactrueno
Pikachu,Onda trueno
Pikachu,Rayo
Pikachu,Trueno
Pikachu,Movimiento sísmico
Pikachu,Sumisión
Pikachu,Ataque rápido
Pikachu,Cabezazo
Pikachu,Derribo
Pikachu,Destello
Pikachu,Día de pago
Pikachu,Doble equipo
Pikachu,Doble filo
Pikachu,Furia
Pikachu,Golpe cuerpo
Pikachu,Látigo
Pikachu,Megapatada
Pikachu,MegaPuño
Pikachu,Mimético
Pikachu,Rapidez
Pikachu,Sustituto
Pikachu,Venganza
Pikachu,Agilidad
Pikachu,Descanso
Pikachu,Reflejo
Pikachu,Tóxico
Raichu,Impactrueno
Raichu,Onda trueno
Raichu,Rayo
Raichu,Trueno
Raichu,Movimiento sísmico
Raichu,Sumisión
Raichu,Cabezazo
Raichu,Derribo
Raichu,Destello
Raichu,Día de pago
Raichu,Doble equipo
Raichu,Doble filo
Raichu,Furia
Raichu,Golpe cuerpo
Raichu,Hiperrayo
Raichu,Látigo
Raichu,Megapatada
Raichu,MegaPuño
Raichu,Mimético
Raichu,Rapidez
Raichu,Sustituto
Raichu,Venganza
Raichu,Descanso
Raichu,Reflejo
Raichu,Tóxico
Sandshrew,Danza espada
Sandshrew,Movimiento sísmico
Sandshrew,Sumisión
Sandshrew,Arañazo
Sandshrew,Ataque arena
Sandshrew,Cabezazo
Sandshrew,Corte
Sandshrew,Cuchillada
Sandshrew,Derribo
Sandshrew,Doble equipo
Sandshrew,Doble filo
Sandshrew,Fuerza
Sandshrew,Furia
Sandshrew,Golpe cuerpo
Sandshrew,Golpes furia
Sandshrew,Mimético
Sandshrew,Rapidez
Sandshrew,Sustituto
Sandshrew,Venganza
Sandshrew,Descanso
Sandshrew,Avalancha
Sandshrew,Excavar
Sandshrew,Fisura
Sandshrew,Terremoto
Sandshrew,Picotazo venenoso
Sandshrew,Tóxico
Sandslash,Danza espada
Sandslash,Movimiento sísmico
Sandslash,Sumisión
Sandslash,Arañazo
Sandslash,Ataque arena
Sandslash,Cabezazo
Sandslash,Corte
Sandslash,Cuchillada
Sandslash,Derribo
Sandslash,Doble equipo
Sandslash,Doble filo
Sandslash,Fuerza
Sandslash,Furia
Sandslash,Golpe cuerpo
Sandslash,Golpes furia
Sandslash,Hiperrayo
Sandslash,Mimético
Sandslash,Rapidez
Sandslash,Sustituto
Sandslash,Venganza
Sandslash,Descanso
Sandslash,Avalancha
Sandslash,Excavar
Sandslash,Fisura
Sandslash,Terremoto
Sandslash,Picotazo venenoso
Sandslash,Tóxico
Nidoran(F),Placaje
Nidoran(F),Rayo
Nidoran(F),Trueno
Nidoran(F),Ventisca
Nidoran(F),Doble patada
Nidoran(F),Arañazo
Nidoran(F),Cabezazo
Nidoran(F),Derribo
Nidoran(F),Doble equipo
Nidoran(F),Doble filo
Nidoran(F),Furia
Nidoran(F),Golpe cuerpo
Nidoran(F),Golpes furia
Nidoran(F),Gruñido
Nidoran(F),Látigo
Nidoran(F),Mimético
Nidoran(F),Mordisco
Nidoran(F),Sustituto
Nidoran(F),Venganza
Nidoran(F),Descanso
Nidoran(F),Reflejo
Nidoran(F),Picotazo venenoso
Nidoran(F),Tóxico
Nidorina,Placaje
Nidorina,Pistola de agua
Nidorina,Rayo burbuja
Nidorina,Rayo
Nidorina,Trueno
Nidorina,Rayo hielo
Nidorina,Ventisca
Nidorina,Doble patada
Nidorina,Arañazo
Nidorina,Cabezazo
Nidorina,Derribo
Nidorina,Doble equipo
Nidorina,Doble filo
Nidorina,Furia
Nidorina,Golpe cuerpo
Nidorina,Golpes furia
Nidorina,Gruñido
Nidorina,Látigo
Nidorina,Mimético
Nidorina,Mordisco
Nidorina,Perforador
Nidorina,Sustituto
Nidorina,Venganza
Nidorina,Descanso
Nidorina,Reflejo
Nidorina,Picotazo venenoso
Nidorina,Tóxico
Nidoqueen,Placaje
Nidoqueen,Pistola de agua
Nidoqueen,Rayo burbuja
Nidoqueen,Surf
Nidoqueen,Rayo
Nidoqueen,Trueno
Nidoqueen,Llamarada
Nidoqueen,Rayo hielo
Nidoqueen,Ventisca
Nidoqueen,Contraataque
Nidoqueen,Movimiento sísmico
Nidoqueen,Sumisión
Nidoqueen,Arañazo
Nidoqueen,Cabezazo
Nidoqueen,Derribo
Nidoqueen,Día de pago
Nidoqueen,Doble equipo
Nidoqueen,Doble filo
Nidoqueen,Fuerza
Nidoqueen,Furia
Nidoqueen,Golpe cuerpo
Nidoqueen,Hiperrayo
Nidoqueen,Látigo
Nidoqueen,Megapatada
Nidoqueen,MegaPuño
Nidoqueen,Mimético
Nidoqueen,Perforador
Nidoqueen,Sustituto
Nidoqueen,Venganza
Nidoqueen,Descanso
Nidoqueen,Reflejo
Nidoqueen,Avalancha
Nidoqueen,Fisura
Nidoqueen,Terremoto
Nidoqueen,Picotazo venenoso
Nidoqueen,Tóxico
Nidoran(M),Placaje
Nidoran(M),Rayo
Nidoran(M),Trueno
Nidoran(M),Ventisca
Nidoran(M),Doble patada
Nidoran(M),Ataque furia
Nidoran(M),Cabezazo
Nidoran(M),Cornada
Nidoran(M),Derribo
Nidoran(M),Doble equipo
Nidoran(M),Doble filo
Nidoran(M),Foco energía
Nidoran(M),Furia
Nidoran(M),Golpe cuerpo
Nidoran(M),Malicioso
Nidoran(M),Mimético
Nidoran(M),Perforador
Nidoran(M),Sustituto
Nidoran(M),Venganza
Nidoran(M),Descanso
Nidoran(M),Reflejo
Nidoran(M),Picotazo venenoso
Nidoran(M),Tóxico
Nidorino,Placaje
Nidorino,Pistola de agua
Nidorino,Rayo burbuja
Nidorino,Rayo
Nidorino,Trueno
Nidorino,Rayo hielo
Nidorino,Ventisca
Nidorino,Doble patada
Nidorino,Ataque furia
Nidorino,Cabezazo
Nidorino,Cornada
Nidorino,Derribo
Nidorino,Doble equipo
Nidorino,Doble filo
Nidorino,Foco energía
Nidorino,Furia
Nidorino,Golpe cuerpo
Nidorino,Malicioso
Nidorino,Mimético
Nidorino,Perforador
Nidorino,Sustituto
Nidorino,Venganza
Nidorino,Descanso
Nidorino,Reflejo
Nidorino,Picotazo venenoso
Nidorino,Tóxico
Nidoking,Placaje
Nidoking,Pistola de agua
Nidoking,Rayo burbuja
Nidoking,Surf
Nidoking,Rayo
Nidoking,Trueno
Nidoking,Llamarada
Nidoking,Rayo hielo
Nidoking,Ventisca
Nidoking,Contraataque
Nidoking,Movimiento sísmico
Nidoking,Sumisión
Nidoking,Cabezazo
Nidoking,Cornada
Nidoking,Derribo
Nidoking,Día de pago
Nidoking,Doble equipo
Nidoking,Doble filo
Nidoking,Fuerza
Nidoking,Furia
Nidoking,Golpe
Nidoking,Golpe cuerpo
Nidoking,Hiperrayo
Nidoking,Megapatada
Nidoking,MegaPuño
Nidoking,Mimético
Nidoking,Perforador
Nidoking,Sustituto
Nidoking,Venganza
Nidoking,Descanso
Nidoking,Reflejo
Nidoking,Avalancha
Nidoking,Fisura
Nidoking,Terremoto
Nidoking,Picotazo venenoso
Nidoking,Tóxico
Clefairy,Pistola de agua
Clefairy,Rayo burbuja
Clefairy,Onda trueno
Clefairy,Rayo
Clefairy,Trueno
Clefairy,Llamarada
Clefairy,Rayo hielo
Clefairy,Ventisca
Clefairy,Contraataque
Clefairy,Movimiento sísmico
Clefairy,Sumisión
Clefairy,Cabezazo
Clefairy,Canto
Clefairy,Derribo
Clefairy,Destello
Clefairy,Destructor
Clefairy,Doble equipo
Clefairy,Doble filo
Clefairy,Doblebofetón
Clefairy,Fuerza
Clefairy,Furia
Clefairy,Golpe cuerpo
Clefairy,Gruñido
Clefairy,Megapatada
Clefairy,MegaPuño
Clefairy,Metrónomo
Clefairy,Mimético
Clefairy,Reducción
Clefairy,Rizo de defensa
Clefairy,Sustituto
Clefairy,Triataque
Clefairy,Venganza
Clefairy,Rayo solar
Clefairy,Pantalla de luz
Clefairy,Psicoonda
Clefairy,Psíquico
Clefairy,Reflejo
Clefairy,Teletransporte
Clefairy,Tóxico
Clefable,Pistola de agua
Clefable,Rayo burbuja
Clefable,Onda trueno
Clefable,Rayo
Clefable,Trueno
Clefable,Llamarada
Clefable,Rayo hielo
Clefable,Ventisca
Clefable,Contraataque
Clefable,Movimiento sísmico
Clefable,Sumisión
Clefable,Cabezazo
Clefable,Canto
Clefable,Derribo
Clefable,Destello
Clefable,Doble equipo
Clefable,Doble filo
Clefable,Doblebofetón
Clefable,Fuerza
Clefable,Furia
Clefable,Golpe cuerpo
Clefable,Hiperrayo
Clefable,Megapatada
Clefable,MegaPuño
Clefable,Metrónomo
Clefable,Mimético
Clefable,Reducción
Clefable,Sustituto
Clefable,Triataque
Clefable,Venganza
Clefable,Rayo solar
Clefable,Psicoonda
Clefable,Psíquico
Clefable,Reflejo
Clefable,Teletransporte
Clefable,Tóxico
Vulpix,Rayo confuso
Vulpix,Ascuas
Vulpix,Giro fuego
Vulpix,Lanzallamas
Vulpix,Llamarada
Vulpix,Ataque rápido
Vulpix,Cabezazo
Vulpix,Derribo
Vulpix,Doble equipo
Vulpix,Doble filo
Vulpix,Furia
Vulpix,Golpe cuerpo
Vulpix,Látigo
Vulpix,Mimético
Vulpix,Rapidez
Vulpix,Rugido
Vulpix,Sustituto
Vulpix,Venganza
Vulpix,Descanso
Vulpix,Reflejo
Vulpix,Excavar
Vulpix,Tóxico
Ninetales,Ascuas
Ninetales,Llamarada
Ninetales,Ataque rápido
Ninetales,Cabezazo
Ninetales,Derribo
Ninetales,Doble equipo
Ninetales,Doble filo
Ninetales,Furia
Ninetales,Golpe cuerpo
Ninetales,Hiperrayo
Ninetales,Látigo
Ninetales,Mimético
Ninetales,Rapidez
Ninetales,Rugido
Ninetales,Sustituto
Ninetales,Venganza
Ninetales,Descanso
Ninetales,Reflejo
Ninetales,Excavar
Ninetales,Tóxico
Jigglypuff,Pistola de agua
Jigglypuff,Rayo burbuja
Jigglypuff,Onda trueno
Jigglypuff,Rayo
Jigglypuff,Trueno
Jigglypuff,Llamarada
Jigglypuff,Rayo hielo
Jigglypuff,Ventisca
Jigglypuff,Contraataque
Jigglypuff,Movimiento sísmico
Jigglypuff,Sumisión
Jigglypuff,Anulación
Jigglypuff,Cabezazo
Jigglypuff,Canto
Jigglypuff,Derribo
Jigglypuff,Destello
Jigglypuff,Destructor
Jigglypuff,Doble equipo
Jigglypuff,Doble filo
Jigglypuff,Doblebofetón
Jigglypuff,Fuerza
Jigglypuff,Furia
Jigglypuff,Golpe cuerpo
Jigglypuff,Megapatada
Jigglypuff,MegaPuño
Jigglypuff,Mimético
Jigglypuff,Rizo de defensa
Jigglypuff,Sustituto
Jigglypuff,Triataque
Jigglypuff,Venganza
Jigglypuff,Rayo solar
Jigglypuff,Descanso
Jigglypuff,Psicoonda
Jigglypuff,Psíquico
Jigglypuff,Reflejo
Jigglypuff,Teletransporte
Jigglypuff,Tóxico
Wigglytuff,Pistola de agua
Wigglytuff,Rayo burbuja
Wigglytuff,Onda trueno
Wigglytuff,Rayo
Wigglytuff,Trueno
Wigglytuff,Llamarada
Wigglytuff,Rayo hielo
Wigglytuff,Ventisca
Wigglytuff,Contraataque
Wigglytuff,Movimiento sísmico
Wigglytuff,Sumisión
Wigglytuff,Anulación
Wigglytuff,Cabezazo
Wigglytuff,Canto
Wigglytuff,Derribo
Wigglytuff,Destello
Wigglytuff,Doble equipo
Wigglytuff,Doble filo
Wigglytuff,Doblebofetón
Wigglytuff,Fuerza
Wigglytuff,Furia
Wigglytuff,Golpe cuerpo
Wigglytuff,Hiperrayo
Wigglytuff,Megapatada
Wigglytuff,MegaPuño
Wigglytuff,Mimético
Wigglytuff,Rizo de defensa
Wigglytuff,Sustituto
Wigglytuff,Triataque
Wigglytuff,Venganza
Wigglytuff,Rayo solar
Wigglytuff,Descanso
Wigglytuff,Psicoonda
Wigglytuff,Psíquico
Wigglytuff,Reflejo
Wigglytuff,Teletransporte
Wigglytuff,Tóxico
Zubat,Chupa vidas
Zubat,Rayo confuso
Zubat,Niebla
Zubat,Derribo
Zubat,Doble equipo
Zubat,Doble filo
Zubat,Furia
Zubat,Mimético
Zubat,Mordisco
Zubat,Rapidez
Zubat,Remolino
Zubat,Supersónico
Zubat,Sustituto
Zubat,Venganza
Zubat,Viento cortante
Zubat,Megaagotar
Zubat,Descanso
Zubat,Tóxico
Zubat,Ataque ala
Golbat,Chupa vidas
Golbat,Rayo confuso
Golbat,Niebla
Golbat,Chirrido
Golbat,Derribo
Golbat,Doble equipo
Golbat,Doble filo
Golbat,Furia
Golbat,Hiperrayo
Golbat,Mimético
Golbat,Mordisco
Golbat,Rapidez
Golbat,Remolino
Golbat,Supersónico
Golbat,Sustituto
Golbat,Venganza
Golbat,Viento cortante
Golbat,Megaagotar
Golbat,Descanso
Golbat,Tóxico
Golbat,Ataque ala
Oddish,Danza espada
Oddish,Corte
Oddish,Derribo
Oddish,Doble equipo
Oddish,Doble filo
Oddish,Furia
Oddish,Mimético
Oddish,Sustituto
Oddish,Venganza
Oddish,Absorber
Oddish,Danza pétalo
Oddish,Megaagotar
Oddish,Paralizador
Oddish,Rayo solar
Oddish,Somnífero
Oddish,Descanso
Oddish,Reflejo
Oddish,Ácido
Oddish,Polvo veneno
Oddish,Tóxico
Gloom,Danza espada
Gloom,Corte
Gloom,Derribo
Gloom,Doble equipo
Gloom,Doble filo
Gloom,Furia
Gloom,Mimético
Gloom,Sustituto
Gloom,Venganza
Gloom,Absorber
Gloom,Danza pétalo
Gloom,Megaagotar
Gloom,Paralizador
Gloom,Rayo solar
Gloom,Descanso
Gloom,Reflejo
Gloom,Ácido
Gloom,Polvo veneno
Gloom,Tóxico
Vileplume,Danza espada
Vileplume,Corte
Vileplume,Derribo
Vileplume,Doble equipo
Vileplume,Doble filo
Vileplume,Furia
Vileplume,Hiperrayo
Vileplume,Mimético
Vileplume,Sustituto
Vileplume,Venganza
Vileplume,Danza pétalo
Vileplume,Megaagotar
Vileplume,Paralizador
Vileplume,Rayo solar
Vileplume,Somnífero
Vileplume,Descanso
Vileplume,Reflejo
Vileplume,Ácido
Vileplume,Polvo veneno
Vileplume,Tóxico
Paras,Danza espada
Paras,Chupa vidas
Paras,Arañazo
Paras,Cabezazo
Paras,Corte
Paras,Cuchillada
Paras,Derribo
Paras,Desarrollo
Paras,Doble equipo
Paras,Doble filo
Paras,Furia
Paras,Golpe cuerpo
Paras,Mimético
Paras,Sustituto
Paras,Venganza
Paras,Espora
Paras,Megaagotar
Paras,Paralizador
Paras,Rayo solar
Paras,Descanso
Paras,Reflejo
Paras,Excavar
Paras,Tóxico
Parasect,Danza espada
Parasect,Chupa vidas
Parasect,Arañazo
Parasect,Cabezazo
Parasect,Corte
Parasect,Cuchillada
Parasect,Derribo
Parasect,Desarrollo
Parasect,Doble equipo
Parasect,Doble filo
Parasect,Furia
Parasect,Golpe cuerpo
Parasect,Hiperrayo
Parasect,Mimético
Parasect,Sustituto
Parasect,Venganza
Parasect,Espora
Parasect,Megaagotar
Parasect,Paralizador
Parasect,Rayo solar
Parasect,Descanso
Parasect,Reflejo
Parasect,Excavar
Parasect,Tóxico
Venonat,Placaje
Venonat,Chupa vidas
Venonat,Anulación
Venonat,Derribo
Venonat,Destello
Venonat,Doble equipo
Venonat,Doble filo
Venonat,Furia
Venonat,Mimético
Venonat,Sustituto
Venonat,Venganza
Venonat,Megaagotar
Venonat,Paralizador
Venonat,Rayo solar
Venonat,Somnífero
Venonat,Descanso
Venonat,Psicoonda
Venonat,Psicorrayo
Venonat,Psíquico
Venonat,Reflejo
Venonat,Polvo veneno
Venonat,Tóxico
Venomoth,Placaje
Venomoth,Chupa vidas
Venomoth,Anulación
Venomoth,Derribo
Venomoth,Destello
Venomoth,Doble equipo
Venomoth,Doble filo
Venomoth,Furia
Venomoth,Hiperrayo
Venomoth,Mimético
Venomoth,Rapidez
Venomoth,Remolino
Venomoth,Sustituto
Venomoth,Venganza
Venomoth,Viento cortante
Venomoth,Megaagotar
Venomoth,Paralizador
Venomoth,Rayo solar
Venomoth,Somnífero
Venomoth,Descanso
Venomoth,Psicoonda
Venomoth,Psicorrayo
Venomoth,Psíquico
Venomoth,Reflejo
Venomoth,Teletransporte
Venomoth,Polvo veneno
Venomoth,Tóxico
Digglet,Arañazo
Digglet,Ataque arena
Digglet,Corte
Digglet,Cuchillada
Digglet,Derribo
Digglet,Doble equipo
Digglet,Doble filo
Digglet,Furia
Digglet,Golpe cuerpo
Digglet,Gruñido
Digglet,Mimético
Digglet,Sustituto
Digglet,Venganza
Digglet,Descanso
Digglet,Avalancha
Digglet,Excavar
Digglet,Fisura
Digglet,Terremoto
Digglet,Tóxico
Dugtrio,Arañazo
Dugtrio,Ataque arena
Dugtrio,Corte
Dugtrio,Cuchillada
Dugtrio,Derribo
Dugtrio,Doble equipo
Dugtrio,Doble filo
Dugtrio,Furia
Dugtrio,Golpe cuerpo
Dugtrio,Gruñido
Dugtrio,Hiperrayo
Dugtrio,Mimético
Dugtrio,Sustituto
Dugtrio,Venganza
Dugtrio,Descanso
Dugtrio,Avalancha
Dugtrio,Excavar
Dugtrio,Fisura
Dugtrio,Terremoto
Dugtrio,Tóxico
Meowth,Pistola de agua
Meowth,Rayo burbuja
Meowth,Rayo
Meowth,Trueno
Meowth,Arañazo
Meowth,Cabezazo
Meowth,Chirrido
Meowth,Cuchillada
Meowth,Derribo
Meowth,Día de pago
Meowth,Doble equipo
Meowth,Doble filo
Meowth,Furia
Meowth,Golpe cuerpo
Meowth,Golpes furia
Meowth,Gruñido
Meowth,Mimético
Meowth,Mordisco
Meowth,Rapidez
Meowth,Sustituto
Meowth,Venganza
Meowth,Descanso
Meowth,Tóxico
Persian,Pistola de agua
Persian,Rayo burbuja
Persian,Rayo
Persian,Trueno
Persian,Arañazo
Persian,Cabezazo
Persian,Chirrido
Persian,Cuchillada
Persian,Derribo
Persian,Día de pago
Persian,Doble equipo
Persian,Doble filo
Persian,Furia
Persian,Golpe cuerpo
Persian,Golpes furia
Persian,Gruñido
Persian,Hiperrayo
Persian,Mimético
Persian,Mordisco
Persian,Rapidez
Persian,Sustituto
Persian,Venganza
Persian,Descanso
Persian,Tóxico
Psyduck,Hidrobomba
Psyduck,Pistola de agua
Psyduck,Rayo burbuja
Psyduck,Surf
Psyduck,Rayo hielo
Psyduck,Ventisca
Psyduck,Contraataque
Psyduck,Movimiento sísmico
Psyduck,Sumisión
Psyduck,Anulación
Psyduck,Arañazo
Psyduck,Cabezazo
Psyduck,Derribo
Psyduck,Día de pago
Psyduck,Doble equipo
Psyduck,Doble filo
Psyduck,Fuerza
Psyduck,Furia
Psyduck,Golpe cuerpo
Psyduck,Golpes furia
Psyduck,Látigo
Psyduck,Megapatada
Psyduck,MegaPuño
Psyduck,Mimético
Psyduck,Rapidez
Psyduck,Sustituto
Psyduck,Venganza
Psyduck,Confusión
Psyduck,Descanso
Psyduck,Excavar
Psyduck,Tóxico
Golduck,Hidrobomba
Golduck,Pistola de agua
Golduck,Rayo burbuja
Golduck,Surf
Golduck,Rayo hielo
Golduck,Ventisca
Golduck,Contraataque
Golduck,Movimiento sísmico
Golduck,Sumisión
Golduck,Anulación
Golduck,Arañazo
Golduck,Cabezazo
Golduck,Derribo
Golduck,Día de pago
Golduck,Doble equipo
Golduck,Doble filo
Golduck,Fuerza
Golduck,Furia
Golduck,Golpe cuerpo
Golduck,Golpes furia
Golduck,Hiperrayo
Golduck,Látigo
Golduck,Megapatada
Golduck,MegaPuño
Golduck,Mimético
Golduck,Rapidez
Golduck,Sustituto
Golduck,Venganza
Golduck,Confusión
Golduck,Descanso
Golduck,Excavar
Golduck,Tóxico
Mankey,Rayo
Mankey,Trueno
Mankey,Contraataque
Mankey,Movimiento sísmico
Mankey,Sumisión
Mankey,Arañazo
Mankey,Cabezazo
Mankey,Derribo
Mankey,Día de pago
Mankey,Doble equipo
Mankey,Doble filo
Mankey,Foco energía
Mankey,Fuerza
Mankey,Furia
Mankey,Golpe
Mankey,Golpe cuerpo
Mankey,Golpe kárate
Mankey,Golpes furia
Mankey,Malicioso
Mankey,Megapatada
Mankey,MegaPuño
Mankey,Metrónomo
Mankey,Mimético
Mankey,Rapidez
Mankey,Sustituto
Mankey,Venganza
Mankey,Descanso
Mankey,Avalancha
Mankey,Excavar
Mankey,Tóxico
Primeape,Rayo
Primeape,Trueno
Primeape,Contraataque
Primeape,Movimiento sísmico
Primeape,Sumisión
Primeape,Arañazo
Primeape,Cabezazo
Primeape,Derribo
Primeape,Día de pago
Primeape,Doble equipo
Primeape,Doble filo
Primeape,Foco energía
Primeape,Fuerza
Primeape,Furia
Primeape,Golpe
Primeape,Golpe cuerpo
Primeape,Golpe kárate
Primeape,Golpes furia
Primeape,Hiperrayo
Primeape,Malicioso
Primeape,Megapatada
Primeape,MegaPuño
Primeape,Metrónomo
Primeape,Mimético
Primeape,Rapidez
Primeape,Sustituto
Primeape,Venganza
Primeape,Descanso
Primeape,Avalancha
Primeape,Excavar
Primeape,Tóxico
Growlithe,Furia dragón
Growlithe,Ascuas
Growlithe,Lanzallamas
Growlithe,Llamarada
Growlithe,Cabezazo
Growlithe,Derribo
Growlithe,Doble equipo
Growlithe,Doble filo
Growlithe,Furia
Growlithe,Golpe cuerpo
Growlithe,Malicioso
Growlithe,Mimético
Growlithe,Mordisco
Growlithe,Rapidez
Growlithe,Rugido
Growlithe,Sustituto
Growlithe,Venganza
Growlithe,Agilidad
Growlithe,Descanso
Growlithe,Reflejo
Growlithe,Excavar
Growlithe,Tóxico
Arcanine,Furia dragón
Arcanine,Ascuas
Arcanine,Llamarada
Arcanine,Cabezazo
Arcanine,Derribo
Arcanine,Doble equipo
Arcanine,Doble filo
Arcanine,Furia
Arcanine,Golpe cuerpo
Arcanine,Hiperrayo
Arcanine,Malicioso
Arcanine,Mimético
Arcanine,Rapidez
Arcanine,Rugido
Arcanine,Sustituto
Arcanine,Venganza
Arcanine,Descanso
Arcanine,Reflejo
Arcanine,Excavar
Arcanine,Tóxico
Poliwag,Burbuja
Poliwag,Hidrobomba
Poliwag,Pistola de agua
Poliwag,Rayo burbuja
Poliwag,Surf
Poliwag,Rayo hielo
Poliwag,Ventisca
Poliwag,Cabezazo
Poliwag,Derribo
Poliwag,Doble equipo
Poliwag,Doble filo
Poliwag,Doblebofetón
Poliwag,Furia
Poliwag,Golpe cuerpo
Poliwag,Mimético
Poliwag,Sustituto
Poliwag,Venganza
Poliwag,Amnesia
Poliwag,Descanso
Poliwag,Hipnosis
Poliwag,Psicoonda
Poliwag,Psíquico
Poliwag,Tóxico
Poliwhirl,Burbuja
Poliwhirl,Hidrobomba
Poliwhirl,Pistola de agua
Poliwhirl,Rayo burbuja
Poliwhirl,Surf
Poliwhirl,Rayo hielo
Poliwhirl,Ventisca
Poliwhirl,Contraataque
Poliwhirl,Movimiento sísmico
Poliwhirl,Sumisión
Poliwhirl,Cabezazo
Poliwhirl,Derribo
Poliwhirl,Doble equipo
Poliwhirl,Doble filo
Poliwhirl,Doblebofetón
Poliwhirl,Furia
Poliwhirl,Golpe cuerpo
Poliwhirl,Megapatada
Poliwhirl,MegaPuño
Poliwhirl,Metrónomo
Poliwhirl,Mimético
Poliwhirl,Sustituto
Poliwhirl,Venganza
Poliwhirl,Amnesia
Poliwhirl,Descanso
Poliwhirl,Hipnosis
Poliwhirl,Psicoonda
Poliwhirl,Psíquico
Poliwhirl,Fisura
Poliwhirl,Terremoto
Poliwhirl,Tóxico
Poliwrath,Pistola de agua
Poliwrath,Rayo burbuja
Poliwrath,Surf
Poliwrath,Rayo hielo
Poliwrath,Ventisca
Poliwrath,Contraataque
Poliwrath,Movimiento sísmico
Poliwrath,Sumisión
Poliwrath,Cabezazo
Poliwrath,Derribo
Poliwrath,Doble equipo
Poliwrath,Doble filo
Poliwrath,Doblebofetón
Poliwrath,Fuerza
Poliwrath,Furia
Poliwrath,Golpe cuerpo
Poliwrath,Hiperrayo
Poliwrath,Megapatada
Poliwrath,MegaPuño
Poliwrath,Metrónomo
Poliwrath,Mimético
Poliwrath,Sustituto
Poliwrath,Venganza
Poliwrath,Descanso
Poliwrath,Hipnosis
Poliwrath,Psicoonda
Poliwrath,Psíquico
Poliwrath,Fisura
Poliwrath,Terremoto
Poliwrath,Tóxico
Abra,Contraataque
Abra,Movimiento sísmico
Abra,Sumisión
Abra,Cabezazo
Abra,Derribo
Abra,Destello
Abra,Doble equipo
Abra,Doble filo
Abra,Furia
Abra,Golpe cuerpo
Abra,Megapatada
Abra,MegaPuño
Abra,Metrónomo
Abra,Mimético
Abra,Sustituto
Abra,Triataque
Abra,Venganza
Abra,Descanso
Abra,Psicoonda
Abra,Psíquico
Abra,Reflejo
Abra,Teletransporte
Abra,Tóxico
Kadabra,Contraataque
Kadabra,Movimiento sísmico
Kadabra,Sumisión
Kadabra,Anulación
Kadabra,Cabezazo
Kadabra,Derribo
Kadabra,Destello
Kadabra,Doble equipo
Kadabra,Doble filo
Kadabra,Furia
Kadabra,Golpe cuerpo
Kadabra,Megapatada
Kadabra,MegaPuño
Kadabra,Metrónomo
Kadabra,Mimético
Kadabra,Recuperación
Kadabra,Sustituto
Kadabra,Triataque
Kadabra,Venganza
Kadabra,Confusión
Kadabra,Descanso
Kadabra,Psicoonda
Kadabra,Psicorrayo
Kadabra,Psíquico
Kadabra,Reflejo
Kadabra,Teletransporte
Kadabra,Tóxico
Alakazam,Contraataque
Alakazam,Movimiento sísmico
Alakazam,Sumisión
Alakazam,Anulación
Alakazam,Cabezazo
Alakazam,Derribo
Alakazam,Destello
Alakazam,Doble equipo
Alakazam,Doble filo
Alakazam,Furia
Alakazam,Golpe cuerpo
Alakazam,Hiperrayo
Alakazam,Megapatada
Alakazam,MegaPuño
Alakazam,Metrónomo
Alakazam,Mimético
Alakazam,Recuperación
Alakazam,Sustituto
Alakazam,Triataque
Alakazam,Venganza
Alakazam,Confusión
Alakazam,Descanso
Alakazam,Psicoonda
Alakazam,Psicorrayo
Alakazam,Psíquico
Alakazam,Reflejo
Alakazam,Teletransporte
Alakazam,Tóxico
Machop,Llamarada
Machop,Contraataque
Machop,Movimiento sísmico
Machop,Patada baja
Machop,Sumisión
Machop,Cabezazo
Machop,Derribo
Machop,Doble equipo
Machop,Doble filo
Machop,Foco energía
Machop,Fuerza
Machop,Furia
Machop,Golpe cuerpo
Machop,Golpe kárate
Machop,Malicioso
Machop,Megapatada
Machop,MegaPuño
Machop,Metrónomo
Machop,Mimético
Machop,Sustituto
Machop,Venganza
Machop,Descanso
Machop,Avalancha
Machop,Excavar
Machop,Fisura
Machop,Terremoto
Machop,Tóxico
Machoke,Llamarada
Machoke,Contraataque
Machoke,Movimiento sísmico
Machoke,Patada baja
Machoke,Sumisión
Machoke,Cabezazo
Machoke,Derribo
Machoke,Doble equipo
Machoke,Doble filo
Machoke,Foco energía
Machoke,Fuerza
Machoke,Furia
Machoke,Golpe cuerpo
Machoke,Golpe kárate
Machoke,Malicioso
Machoke,Megapatada
Machoke,MegaPuño
Machoke,Metrónomo
Machoke,Mimético
Machoke,Sustituto
Machoke,Venganza
Machoke,Descanso
Machoke,Avalancha
Machoke,Excavar
Machoke,Fisura
Machoke,Terremoto
Machoke,Tóxico
Machamp,Llamarada
Machamp,Contraataque
Machamp,Movimiento sísmico
Machamp,Patada baja
Machamp,Sumisión
Machamp,Cabezazo
Machamp,Derribo
Machamp,Doble equipo
Machamp,Doble filo
Machamp,Foco energía
Machamp,Fuerza
Machamp,Furia
Machamp,Golpe cuerpo
Machamp,Golpe kárate
Machamp,Hiperrayo
Machamp,Malicioso
Machamp,Megapatada
Machamp,MegaPuño
Machamp,Metrónomo
Machamp,Mimético
Machamp,Sustituto
Machamp,Venganza
Machamp,Descanso
Machamp,Avalancha
Machamp,Excavar
Machamp,Fisura
Machamp,Terremoto
Machamp,Tóxico
Bellsprout,Danza espada
Bellsprout,Corte
Bellsprout,Derribo
Bellsprout,Desarrollo
Bellsprout,Doble equipo
Bellsprout,Doble filo
Bellsprout,Furia
Bellsprout,Látigo
Bellsprout,Mimético
Bellsprout,Atizar
Bellsprout,Constricción
Bellsprout,Sustituto
Bellsprout,Venganza
Bellsprout,Hoja afilada
Bellsprout,Látigo cepa
Bellsprout,Megaagotar
Bellsprout,Paralizador
Bellsprout,Rayo solar
Bellsprout,Somnífero
Bellsprout,Descanso
Bellsprout,Reflejo
Bellsprout,Ácido
Bellsprout,Polvo veneno
Bellsprout,Tóxico
Weepinbell,Danza espada
Weepinbell,Corte
Weepinbell,Derribo
Weepinbell,Desarrollo
Weepinbell,Doble equipo
Weepinbell,Doble filo
Weepinbell,Furia
Weepinbell,Mimético
Weepinbell,Atizar
Weepinbell,Constricción
Weepinbell,Sustituto
Weepinbell,Venganza
Weepinbell,Hoja afilada
Weepinbell,Látigo cepa
Weepinbell,Megaagotar
Weepinbell,Paralizador
Weepinbell,Rayo solar
Weepinbell,Somnífero
Weepinbell,Descanso
Weepinbell,Reflejo
Weepinbell,Ácido
Weepinbell,Polvo veneno
Weepinbell,Tóxico
Victreebel,Danza espada
Victreebel,Derribo
Victreebel,Doble equipo
Victreebel,Doble filo
Victreebel,Furia
Victreebel,Golpe cuerpo
Victreebel,Hiperrayo
Victreebel,Mimético
Victreebel,Constricción
Victreebel,Sustituto
Victreebel,Venganza
Victreebel,Hoja afilada
Victreebel,Megaagotar
Victreebel,Paralizador
Victreebel,Rayo solar
Victreebel,Somnífero
Victreebel,Descanso
Victreebel,Reflejo
Victreebel,Ácido
Victreebel,Polvo veneno
Victreebel,Tóxico
Tentacool,Danza espada
Tentacool,Hidrobomba
Tentacool,Pistola de agua
Tentacool,Rayo burbuja
Tentacool,Surf
Tentacool,Rayo hielo
Tentacool,Ventisca
Tentacool,Cabezazo
Tentacool,Chirrido
Tentacool,Corte
Tentacool,Derribo
Tentacool,Doble equipo
Tentacool,Doble filo
Tentacool,Furia
Tentacool,Mimético
Tentacool,Constricción
Tentacool,Supersónico
Tentacool,Sustituto
Tentacool,Venganza
Tentacool,Megaagotar
Tentacool,Barrera
Tentacool,Descanso
Tentacool,Reflejo
Tentacool,Ácido
Tentacool,Picotazo venenoso
Tentacool,Tóxico
Tentacool,Restricción
Tentacruel,Danza espada
Tentacruel,Hidrobomba
Tentacruel,Pistola de agua
Tentacruel,Rayo burbuja
Tentacruel,Surf
Tentacruel,Rayo hielo
Tentacruel,Ventisca
Tentacruel,Cabezazo
Tentacruel,Chirrido
Tentacruel,Corte
Tentacruel,Derribo
Tentacruel,Doble equipo
Tentacruel,Doble filo
Tentacruel,Furia
Tentacruel,Hiperrayo
Tentacruel,Mimético
Tentacruel,Constricción
Tentacruel,Supersónico
Tentacruel,Sustituto
Tentacruel,Venganza
Tentacruel,Megaagotar
Tentacruel,Barrera
Tentacruel,Descanso
Tentacruel,Reflejo
Tentacruel,Ácido
Tentacruel,Picotazo venenoso
Tentacruel,Tóxico
Tentacruel,Restricción
Geodude,Placaje
Geodude,Llamarada
Geodude,Contraataque
Geodude,Movimiento sísmico
Geodude,Sumisión
Geodude,Autodestrucción
Geodude,Derribo
Geodude,Doble equipo
Geodude,Doble filo
Geodude,Explosión
Geodude,Fortaleza
Geodude,Fuerza
Geodude,Furia
Geodude,Golpe cuerpo
Geodude,MegaPuño
Geodude,Metrónomo
Geodude,Mimético
Geodude,Rizo de defensa
Geodude,Sustituto
Geodude,Venganza
Geodude,Descanso
Geodude,Avalancha
Geodude,Lanzarocas
Geodude,Excavar
Geodude,Fisura
Geodude,Terremoto
Geodude,Tóxico
Graveler,Placaje
Graveler,Cascada
Graveler,Llamarada
Graveler,Contraataque
Graveler,Movimiento sísmico
Graveler,Autodestrucción
Graveler,Derribo
Graveler,Doble equipo
Graveler,Doble filo
Graveler,Explosión
Graveler,Fortaleza
Graveler,Fuerza
Graveler,Furia
Graveler,Golpe cuerpo
Graveler,MegaPuño
Graveler,Metrónomo
Graveler,Mimético
Graveler,Rizo de defensa
Graveler,Sustituto
Graveler,Venganza
Graveler,Descanso
Graveler,Avalancha
Graveler,Lanzarocas
Graveler,Excavar
Graveler,Fisura
Graveler,Terremoto
Graveler,Tóxico
Golem,Placaje
Golem,Llamarada
Golem,Contraataque
Golem,Movimiento sísmico
Golem,Sumisión
Golem,Autodestrucción
Golem,Derribo
Golem,Doble equipo
Golem,Doble filo
Golem,Explosión
Golem,Fortaleza
Golem,Fuerza
Golem,Furia
Golem,Golpe cuerpo
Golem,Hiperrayo
Golem,MegaPuño
Golem,Metrónomo
Golem,Mimético
Golem,Rizo de defensa
Golem,Sustituto
Golem,Venganza
Golem,Descanso
Golem,Avalancha
Golem,Lanzarocas
Golem,Excavar
Golem,Fisura
Golem,Terremoto
Golem,Tóxico
Ponyta,Ascuas
Ponyta,Giro fuego
Ponyta,Llamarada
Ponyta,Cabezazo
Ponyta,Derribo
Ponyta,Doble equipo
Ponyta,Doble filo
Ponyta,Furia
Ponyta,Golpe cuerpo
Ponyta,Gruñido
Ponyta,Látigo
Ponyta,Mimético
Ponyta,Perforador
Ponyta,Pisotón
Ponyta,Rapidez
Ponyta,Sustituto
Ponyta,Venganza
Ponyta,Agilidad
Ponyta,Descanso
Ponyta,Reflejo
Ponyta,Tóxico
Rapidash,Ascuas
Rapidash,Giro fuego
Rapidash,Llamarada
Rapidash,Cabezazo
Rapidash,Derribo
Rapidash,Doble equipo
Rapidash,Doble filo
Rapidash,Furia
Rapidash,Golpe cuerpo
Rapidash,Gruñido
Rapidash,Hiperrayo
Rapidash,Látigo
Rapidash,Mimético
Rapidash,Perforador
Rapidash,Pisotón
Rapidash,Rapidez
Rapidash,Sustituto
Rapidash,Venganza
Rapidash,Agilidad
Rapidash,Descanso
Rapidash,Reflejo
Rapidash,Tóxico
Slowpoke,Pistola de agua
Slowpoke,Rayo burbuja
Slowpoke,Surf
Slowpoke,Onda trueno
Slowpoke,Llamarada
Slowpoke,Rayo hielo
Slowpoke,Ventisca
Slowpoke,Anulación
Slowpoke,Cabezazo
Slowpoke,Derribo
Slowpoke,Destello
Slowpoke,Día de pago
Slowpoke,Doble equipo
Slowpoke,Doble filo
Slowpoke,Fuerza
Slowpoke,Furia
Slowpoke,Golpe cabeza
Slowpoke,Golpe cuerpo
Slowpoke,Gruñido
Slowpoke,Mimético
Slowpoke,Sustituto
Slowpoke,Triataque
Slowpoke,Venganza
Slowpoke,Amnesia
Slowpoke,Confusión
Slowpoke,Descanso
Slowpoke,Psicoonda
Slowpoke,Psíquico
Slowpoke,Reflejo
Slowpoke,Teletransporte
Slowpoke,Excavar
Slowpoke,Fisura
Slowpoke,Terremoto
Slowpoke,Tóxico
Slowbro,Pistola de agua
Slowbro,Rayo burbuja
Slowbro,Refugio
Slowbro,Surf
Slowbro,Onda trueno
Slowbro,Llamarada
Slowbro,Rayo hielo
Slowbro,Ventisca
Slowbro,Contraataque
Slowbro,Movimiento sísmico
Slowbro,Sumisión
Slowbro,Anulación
Slowbro,Cabezazo
Slowbro,Derribo
Slowbro,Destello
Slowbro,Día de pago
Slowbro,Doble equipo
Slowbro,Doble filo
Slowbro,Fuerza
Slowbro,Furia
Slowbro,Golpe cabeza
Slowbro,Golpe cuerpo
Slowbro,Gruñido
Slowbro,Hiperrayo
Slowbro,Megapatada
Slowbro,MegaPuño
Slowbro,Mimético
Slowbro,Sustituto
Slowbro,Triataque
Slowbro,Venganza
Slowbro,Amnesia
Slowbro,Confusión
Slowbro,Descanso
Slowbro,Psicoonda
Slowbro,Psíquico
Slowbro,Reflejo
Slowbro,Teletransporte
Slowbro,Excavar
Slowbro,Fisura
Slowbro,Terremoto
Slowbro,Tóxico
Magnemite,Placaje
Magnemite,Impactrueno
Magnemite,Onda trueno
Magnemite,Rayo
Magnemite,Trueno
Magnemite,Bomba sónica
Magnemite,Chirrido
Magnemite,Derribo
Magnemite,Destello
Magnemite,Doble equipo
Magnemite,Doble filo
Magnemite,Furia
Magnemite,Mimético
Magnemite,Rapidez
Magnemite,Supersónico
Magnemite,Sustituto
Magnemite,Venganza
Magnemite,Descanso
Magnemite,Reflejo
Magnemite,Teletransporte
Magnemite,Tóxico
Magneton,Placaje
Magneton,Impactrueno
Magneton,Onda trueno
Magneton,Rayo
Magneton,Trueno
Magneton,Bomba sónica
Magneton,Chirrido
Magneton,Derribo
Magneton,Destello
Magneton,Doble equipo
Magneton,Doble filo
Magneton,Furia
Magneton,Hiperrayo
Magneton,Mimético
Magneton,Rapidez
Magneton,Supersónico
Magneton,Sustituto
Magneton,Venganza
Magneton,Descanso
Magneton,Reflejo
Magneton,Teletransporte
Magneton,Tóxico
Farfetch'd,Danza espada
Farfetch'd,Ataque arena
Farfetch'd,Ataque furia
Farfetch'd,Cabezazo
Farfetch'd,Corte
Farfetch'd,Cuchillada
Farfetch'd,Derribo
Farfetch'd,Doble equipo
Farfetch'd,Doble filo
Farfetch'd,Furia
Farfetch'd,Golpe cuerpo
Farfetch'd,Malicioso
Farfetch'd,Mimético
Farfetch'd,Rapidez
Farfetch'd,Remolino
Farfetch'd,Sustituto
Farfetch'd,Venganza
Farfetch'd,Viento cortante
Farfetch'd,Agilidad
Farfetch'd,Descanso
Farfetch'd,Reflejo
Farfetch'd,Tóxico
Farfetch'd,Picotazo
Farfetch'd,Vuelo
Doduo,Ataque furia
Doduo,Cabezazo
Doduo,Derribo
Doduo,Doble equipo
Doduo,Doble filo
Doduo,Furia
Doduo,Golpe cuerpo
Doduo,Gruñido
Doduo,Mimético
Doduo,Remolino
Doduo,Sustituto
Doduo,Triataque
Doduo,Venganza
Doduo,Agilidad
Doduo,Descanso
Doduo,Reflejo
Doduo,Tóxico
Doduo,Ataque aéreo
Doduo,Pico taladro
Doduo,Picotazo
Doduo,Vuelo
Dodrio,Ataque furia
Dodrio,Cabezazo
Dodrio,Derribo
Dodrio,Doble equipo
Dodrio,Doble filo
Dodrio,Furia
Dodrio,Golpe cuerpo
Dodrio,Gruñido
Dodrio,Hiperrayo
Dodrio,Mimético
Dodrio,Remolino
Dodrio,Sustituto
Dodrio,Triataque
Dodrio,Venganza
Dodrio,Agilidad
Dodrio,Descanso
Dodrio,Reflejo
Dodrio,Tóxico
Dodrio,Ataque aéreo
Dodrio,Pico taladro
Dodrio,Picotazo
Dodrio,Vuelo
Seel,Pistola de agua
Seel,Rayo burbuja
Seel,Surf
Seel,Rayo aurora
Seel,Rayo hielo
Seel,Ventisca
Seel,Cabezazo
Seel,Derribo
Seel,Día de pago
Seel,Doble equipo
Seel,Doble filo
Seel,Fuerza
Seel,Furia
Seel,Golpe cabeza
Seel,Golpe cuerpo
Seel,Gruñido
Seel,Mimético
Seel,Perforador
Seel,Sustituto
Seel,Venganza
Seel,Descanso
Seel,Tóxico
Dewgong,Pistola de agua
Dewgong,Rayo burbuja
Dewgong,Surf
Dewgong,Rayo aurora
Dewgong,Rayo hielo
Dewgong,Ventisca
Dewgong,Cabezazo
Dewgong,Derribo
Dewgong,Día de pago
Dewgong,Doble equipo
Dewgong,Doble filo
Dewgong,Fuerza
Dewgong,Furia
Dewgong,Golpe cabeza
Dewgong,Golpe cuerpo
Dewgong,Gruñido
Dewgong,Hiperrayo
Dewgong,Mimético
Dewgong,Perforador
Dewgong,Sustituto
Dewgong,Venganza
Dewgong,Descanso
Dewgong,Tóxico
Grimer,Rayo
Grimer,Trueno
Grimer,Llamarada
Grimer,Anulación
Grimer,Autodestrucción
Grimer,Chirrido
Grimer,Destructor
Grimer,Doble equipo
Grimer,Explosión
Grimer,Fortaleza
Grimer,Furia
Grimer,Golpe cuerpo
Grimer,Mimético
Grimer,Reducción
Grimer,Sustituto
Grimer,Venganza
Grimer,Megaagotar
Grimer,Descanso
Grimer,Armadura ácida
Grimer,Gas venenoso
Grimer,Residuos
Grimer,Tóxico
Muk,Rayo
Muk,Trueno
Muk,Llamarada
Muk,Anulación
Muk,Autodestrucción
Muk,Chirrido
Muk,Destructor
Muk,Doble equipo
Muk,Explosión
Muk,Fortaleza
Muk,Furia
Muk,Golpe cuerpo
Muk,Hiperrayo
Muk,Mimético
Muk,Reducción
Muk,Sustituto
Muk,Venganza
Muk,Megaagotar
Muk,Descanso
Muk,Armadura ácida
Muk,Gas venenoso
Muk,Residuos
Muk,Tóxico
Shellder,Placaje
Shellder,Pistola de agua
Shellder,Rayo burbuja
Shellder,Refugio
Shellder,Surf
Shellder,Tenaza
Shellder,Rayo aurora
Shellder,Rayo hielo
Shellder,Ventisca
Shellder,Autodestrucción
Shellder,Derribo
Shellder,Doble equipo
Shellder,Doble filo
Shellder,Explosión
Shellder,Furia
Shellder,Malicioso
Shellder,Mimético
Shellder,Rapidez
Shellder,Supersónico
Shellder,Sustituto
Shellder,Triataque
Shellder,Venganza
Shellder,Descanso
Shellder,Reflejo
Shellder,Teletransporte
Shellder,Tóxico
Cloyster,Pistola de agua
Cloyster,Rayo burbuja
Cloyster,Refugio
Cloyster,Surf
Cloyster,Tenaza
Cloyster,Rayo aurora
Cloyster,Rayo hielo
Cloyster,Ventisca
Cloyster,Autodestrucción
Cloyster,Clavo cañón
Cloyster,Derribo
Cloyster,Doble equipo
Cloyster,Doble filo
Cloyster,Explosión
Cloyster,Furia
Cloyster,Hiperrayo
Cloyster,Mimético
Cloyster,Rapidez
Cloyster,Supersónico
Cloyster,Sustituto
Cloyster,Triataque
Cloyster,Venganza
Cloyster,Descanso
Cloyster,Reflejo
Cloyster,Teletransporte
Cloyster,Tóxico
Gastly,Rayo
Gastly,Trueno
Gastly,Lenguetazo
Gastly,Rayo confuso
Gastly,Tinieblas
Gastly,Autodestrucción
Gastly,Doble equipo
Gastly,Explosión
Gastly,Furia
Gastly,Mimético
Gastly,Sustituto
Gastly,Venganza
Gastly,Megaagotar
Gastly,Comesueños
Gastly,Descanso
Gastly,Hipnosis
Gastly,Psicoonda
Gastly,Psíquico
Gastly,Tóxico
Haunter,Rayo
Haunter,Trueno
Haunter,Lenguetazo
Haunter,Rayo confuso
Haunter,Tinieblas
Haunter,Autodestrucción
Haunter,Doble equipo
Haunter,Explosión
Haunter,Furia
Haunter,Mimético
Haunter,Sustituto
Haunter,Venganza
Haunter,Megaagotar
Haunter,Comesueños
Haunter,Descanso
Haunter,Hipnosis
Haunter,Psicoonda
Haunter,Psíquico
Haunter,Tóxico
Gengar,Rayo
Gengar,Trueno
Gengar,Lenguetazo
Gengar,Rayo confuso
Gengar,Tinieblas
Gengar,Contraataque
Gengar,Movimiento sísmico
Gengar,Sumisión
Gengar,Autodestrucción
Gengar,Cabezazo
Gengar,Derribo
Gengar,Doble equipo
Gengar,Doble filo
Gengar,Explosión
Gengar,Fuerza
Gengar,Furia
Gengar,Golpe cuerpo
Gengar,Hiperrayo
Gengar,Megapatada
Gengar,MegaPuño
Gengar,Metrónomo
Gengar,Mimético
Gengar,Sustituto
Gengar,Venganza
Gengar,Megaagotar
Gengar,Comesueños
Gengar,Descanso
Gengar,Hipnosis
Gengar,Psicoonda
Gengar,Psíquico
Gengar,Tóxico
Onix,Placaje
Onix,Atadura
Onix,Autodestrucción
Onix,Cabezazo
Onix,Chirrido
Onix,Derribo
Onix,Doble equipo
Onix,Doble filo
Onix,Explosión
Onix,Fortaleza
Onix,Fuerza
Onix,Furia
Onix,Golpe cuerpo
Onix,Mimético
Onix,Atizar
Onix,Sustituto
Onix,Venganza
Onix,Descanso
Onix,Avalancha
Onix,Lanzarocas
Onix,Excavar
Onix,Fisura
Onix,Terremoto
Onix,Tóxico
Drowzee,Onda trueno
Drowzee,Contraataque
Drowzee,Movimiento sísmico
Drowzee,Sumisión
Drowzee,Anulación
Drowzee,Cabezazo
Drowzee,Derribo
Drowzee,Destello
Drowzee,Destructor
Drowzee,Doble equipo
Drowzee,Doble filo
Drowzee,Furia
Drowzee,Golpe cabeza
Drowzee,Golpe cuerpo
Drowzee,Megapatada
Drowzee,MegaPuño
Drowzee,Metrónomo
Drowzee,Mimético
Drowzee,Sustituto
Drowzee,Triataque
Drowzee,Venganza
Drowzee,Comesueños
Drowzee,Confusión
Drowzee,Descanso
Drowzee,Hipnosis
Drowzee,Meditación
Drowzee,Psicoonda
Drowzee,Psíquico
Drowzee,Reflejo
Drowzee,Teletransporte
Drowzee,Gas venenoso
Drowzee,Tóxico
Hypno,Onda trueno
Hypno,Contraataque
Hypno,Movimiento sísmico
Hypno,Sumisión
Hypno,Anulación
Hypno,Cabezazo
Hypno,Derribo
Hypno,Destello
Hypno,Destructor
Hypno,Doble equipo
Hypno,Doble filo
Hypno,Furia
Hypno,Golpe cabeza
Hypno,Golpe cuerpo
Hypno,Hiperrayo
Hypno,Megapatada
Hypno,MegaPuño
Hypno,Metrónomo
Hypno,Mimético
Hypno,Sustituto
Hypno,Triataque
Hypno,Venganza
Hypno,Comesueños
Hypno,Confusión
Hypno,Descanso
Hypno,Hipnosis
Hypno,Meditación
Hypno,Psicoonda
Hypno,Psíquico
Hypno,Reflejo
Hypno,Teletransporte
Hypno,Gas venenoso
Hypno,Tóxico
Krabby,Danza espada
Krabby,Burbuja
Krabby,Martillazo
Krabby,Pistola de agua
Krabby,Rayo burbuja
Krabby,Surf
Krabby,Rayo hielo
Krabby,Ventisca
Krabby,Agarre
Krabby,Corte
Krabby,Derribo
Krabby,Doble equipo
Krabby,Doble filo
Krabby,Fortaleza
Krabby,Fuerza
Krabby,Furia
Krabby,Golpe cuerpo
Krabby,Guillotina
Krabby,Malicioso
Krabby,Mimético
Krabby,Pisotón
Krabby,Sustituto
Krabby,Venganza
Krabby,Descanso
Krabby,Tóxico
Kingler,Danza espada
Kingler,Burbuja
Kingler,Martillazo
Kingler,Pistola de agua
Kingler,Rayo burbuja
Kingler,Surf
Kingler,Rayo hielo
Kingler,Ventisca
Kingler,Agarre
Kingler,Corte
Kingler,Derribo
Kingler,Doble equipo
Kingler,Doble filo
Kingler,Fortaleza
Kingler,Fuerza
Kingler,Furia
Kingler,Golpe cuerpo
Kingler,Guillotina
Kingler,Hiperrayo
Kingler,Malicioso
Kingler,Mimético
Kingler,Pisotón
Kingler,Sustituto
Kingler,Venganza
Kingler,Descanso
Kingler,Tóxico
Voltorb,Placaje
Voltorb,Onda trueno
Voltorb,Rayo
Voltorb,Trueno
Voltorb,Autodestrucción
Voltorb,Bomba sónica
Voltorb,Chirrido
Voltorb,Derribo
Voltorb,Destello
Voltorb,Doble equipo
Voltorb,Explosión
Voltorb,Furia
Voltorb,Mimético
Voltorb,Rapidez
Voltorb,Sustituto
Voltorb,Venganza
Voltorb,Descanso
Voltorb,Pantalla de luz
Voltorb,Reflejo
Voltorb,Teletransporte
Voltorb,Tóxico
Electrode,Placaje
Electrode,Onda trueno
Electrode,Rayo
Electrode,Trueno
Electrode,Autodestrucción
Electrode,Bomba sónica
Electrode,Chirrido
Electrode,Derribo
Electrode,Destello
Electrode,Doble equipo
Electrode,Explosión
Electrode,Furia
Electrode,Hiperrayo
Electrode,Mimético
Electrode,Rapidez
Electrode,Sustituto
Electrode,Venganza
Electrode,Descanso
Electrode,Pantalla de luz
Electrode,Reflejo
Electrode,Teletransporte
Electrode,Tóxico
Exeggcute,Autodestrucción
Exeggcute,Bomba huevo
Exeggcute,Derribo
Exeggcute,Doble equipo
Exeggcute,Doble filo
Exeggcute,Explosión
Exeggcute,Furia
Exeggcute,Mimético
Exeggcute,Presa
Exeggcute,Sustituto
Exeggcute,Venganza
Exeggcute,Drenadoras
Exeggcute,Paralizador
Exeggcute,Rayo solar
Exeggcute,Somnífero
Exeggcute,Descanso
Exeggcute,Hipnosis
Exeggcute,Psicoonda
Exeggcute,Psíquico
Exeggcute,Reflejo
Exeggcute,Teletransporte
Exeggcute,Polvo veneno
Exeggcute,Tóxico
Exeggutor,Autodestrucción
Exeggutor,Bomba huevo
Exeggutor,Derribo
Exeggutor,Doble equipo
Exeggutor,Doble filo
Exeggutor,Explosión
Exeggutor,Fuerza
Exeggutor,Furia
Exeggutor,Hiperrayo
Exeggutor,Mimético
Exeggutor,Pisotón
Exeggutor,Presa
Exeggutor,Sustituto
Exeggutor,Venganza
Exeggutor,Megaagotar
Exeggutor,Rayo solar
Exeggutor,Descanso
Exeggutor,Hipnosis
Exeggutor,Psicoonda
Exeggutor,Psíquico
Exeggutor,Reflejo
Exeggutor,Teletransporte
Exeggutor,Tóxico
Cubone,Pistola de agua
Cubone,Rayo burbuja
Cubone,Llamarada
Cubone,Rayo hielo
Cubone,Ventisca
Cubone,Contraataque
Cubone,Movimiento sísmico
Cubone,Sumisión
Cubone,Cabezazo
Cubone,Derribo
Cubone,Doble equipo
Cubone,Doble filo
Cubone,Foco energía
Cubone,Fuerza
Cubone,Furia
Cubone,Golpe
Cubone,Golpe cuerpo
Cubone,Gruñido
Cubone,Malicioso
Cubone,Megapatada
Cubone,MegaPuño
Cubone,Mimético
Cubone,Sustituto
Cubone,Venganza
Cubone,Descanso
Cubone,Excavar
Cubone,Fisura
Cubone,Hueso palo
Cubone,Huesomerang
Cubone,Terremoto
Cubone,Tóxico
Marowak,Pistola de agua
Marowak,Rayo burbuja
Marowak,Llamarada
Marowak,Rayo hielo
Marowak,Ventisca
Marowak,Contraataque
Marowak,Movimiento sísmico
Marowak,Sumisión
Marowak,Cabezazo
Marowak,Derribo
Marowak,Doble equipo
Marowak,Doble filo
Marowak,Foco energía
Marowak,Fuerza
Marowak,Furia
Marowak,Golpe
Marowak,Golpe cuerpo
Marowak,Gruñido
Marowak,Hiperrayo
Marowak,Malicioso
Marowak,Megapatada
Marowak,MegaPuño
Marowak,Mimético
Marowak,Sustituto
Marowak,Venganza
Marowak,Descanso
Marowak,Excavar
Marowak,Fisura
Marowak,Hueso palo
Marowak,Huesomerang
Marowak,Terremoto
Marowak,Tóxico
Hitmonlee,Contraataque
Hitmonlee,Doble patada
Hitmonlee,Movimiento sísmico
Hitmonlee,Patada giro
Hitmonlee,Patada salto alta
Hitmonlee,Sumisión
Hitmonlee,Cabezazo
Hitmonlee,Derribo
Hitmonlee,Doble equipo
Hitmonlee,Doble filo
Hitmonlee,Foco energía
Hitmonlee,Fuerza
Hitmonlee,Furia
Hitmonlee,Golpe cuerpo
Hitmonlee,Megapatada
Hitmonlee,MegaPuño
Hitmonlee,Metrónomo
Hitmonlee,Mimético
Hitmonlee,Rapidez
Hitmonlee,Sustituto
Hitmonlee,Venganza
Hitmonlee,Descanso
Hitmonlee,Meditación
Hitmonlee,Tóxico
Hitmonchan,Puño trueno
Hitmonchan,Puño fuego
Hitmonchan,Puño hielo
Hitmonchan,Contraataque
Hitmonchan,Movimiento sísmico
Hitmonchan,Sumisión
Hitmonchan,Cabezazo
Hitmonchan,Derribo
Hitmonchan,Doble equipo
Hitmonchan,Doble filo
Hitmonchan,Fuerza
Hitmonchan,Furia
Hitmonchan,Golpe cuerpo
Hitmonchan,Megapatada
Hitmonchan,MegaPuño
Hitmonchan,Metrónomo
Hitmonchan,Mimético
Hitmonchan,Puño cometa
Hitmonchan,Rapidez
Hitmonchan,Sustituto
Hitmonchan,Venganza
Hitmonchan,Agilidad
Hitmonchan,Descanso
Hitmonchan,Tóxico
Lickitung,Danza espada
Lickitung,Pistola de agua
Lickitung,Rayo burbuja
Lickitung,Surf
Lickitung,Rayo
Lickitung,Trueno
Lickitung,Llamarada
Lickitung,Rayo hielo
Lickitung,Ventisca
Lickitung,Contraataque
Lickitung,Movimiento sísmico
Lickitung,Sumisión
Lickitung,Anulación
Lickitung,Cabezazo
Lickitung,Chirrido
Lickitung,Corte
Lickitung,Derribo
Lickitung,Doble equipo
Lickitung,Doble filo
Lickitung,Fuerza
Lickitung,Furia
Lickitung,Golpe cuerpo
Lickitung,Hiperrayo
Lickitung,Megapatada
Lickitung,MegaPuño
Lickitung,Mimético
Lickitung,Pisotón
Lickitung,Atizar
Lickitung,Constricción
Lickitung,Rizo de defensa
Lickitung,Supersónico
Lickitung,Sustituto
Lickitung,Venganza
Lickitung,Descanso
Lickitung,Fisura
Lickitung,Terremoto
Lickitung,Tóxico
Koffing,Placaje
Koffing,Rayo
Koffing,Trueno
Koffing,Llamarada
Koffing,Niebla
Koffing,Autodestrucción
Koffing,Doble equipo
Koffing,Explosión
Koffing,Furia
Koffing,Mimético
Koffing,Pantalla de humo
Koffing,Sustituto
Koffing,Venganza
Koffing,Descanso
Koffing,Polución
Koffing,Residuos
Koffing,Tóxico
Weezing,Placaje
Weezing,Rayo
Weezing,Trueno
Weezing,Llamarada
Weezing,Niebla
Weezing,Autodestrucción
Weezing,Doble equipo
Weezing,Explosión
Weezing,Furia
Weezing,Hiperrayo
Weezing,Mimético
Weezing,Pantalla de humo
Weezing,Sustituto
Weezing,Venganza
Weezing,Descanso
Weezing,Polución
Weezing,Residuos
Weezing,Tóxico
Rhyhorn,Rayo
Rhyhorn,Trueno
Rhyhorn,Llamarada
Rhyhorn,Ataque furia
Rhyhorn,Cabezazo
Rhyhorn,Cornada
Rhyhorn,Derribo
Rhyhorn,Doble equipo
Rhyhorn,Doble filo
Rhyhorn,Fuerza
Rhyhorn,Furia
Rhyhorn,Golpe cuerpo
Rhyhorn,Látigo
Rhyhorn,Malicioso
Rhyhorn,Mimético
Rhyhorn,Perforador
Rhyhorn,Pisotón
Rhyhorn,Sustituto
Rhyhorn,Venganza
Rhyhorn,Descanso
Rhyhorn,Avalancha
Rhyhorn,Excavar
Rhyhorn,Fisura
Rhyhorn,Terremoto
Rhyhorn,Tóxico
Rhydon,Pistola de agua
Rhydon,Rayo burbuja
Rhydon,Surf
Rhydon,Rayo
Rhydon,Trueno
Rhydon,Llamarada
Rhydon,Rayo hielo
Rhydon,Ventisca
Rhydon,Contraataque
Rhydon,Movimiento sísmico
Rhydon,Sumisión
Rhydon,Ataque furia
Rhydon,Cabezazo
Rhydon,Cornada
Rhydon,Derribo
Rhydon,Día de pago
Rhydon,Doble equipo
Rhydon,Doble filo
Rhydon,Fuerza
Rhydon,Furia
Rhydon,Golpe cuerpo
Rhydon,Hiperrayo
Rhydon,Látigo
Rhydon,Malicioso
Rhydon,Megapatada
Rhydon,MegaPuño
Rhydon,Mimético
Rhydon,Perforador
Rhydon,Pisotón
Rhydon,Sustituto
Rhydon,Venganza
Rhydon,Descanso
Rhydon,Avalancha
Rhydon,Excavar
Rhydon,Fisura
Rhydon,Terremoto
Rhydon,Tóxico
Chansey,Pistola de agua
Chansey,Rayo burbuja
Chansey,Onda trueno
Chansey,Rayo
Chansey,Trueno
Chansey,Llamarada
Chansey,Rayo hielo
Chansey,Ventisca
Chansey,Contraataque
Chansey,Movimiento sísmico
Chansey,Sumisión
Chansey,Amortiguador
Chansey,Bomba huevo
Chansey,Cabezazo
Chansey,Canto
Chansey,Derribo
Chansey,Destello
Chansey,Destructor
Chansey,Doble equipo
Chansey,Doble filo
Chansey,Doblebofetón
Chansey,Fuerza
Chansey,Furia
Chansey,Golpe cuerpo
Chansey,Gruñido
Chansey,Hiperrayo
Chansey,Megapatada
Chansey,MegaPuño
Chansey,Metrónomo
Chansey,Mimético
Chansey,Reducción
Chansey,Rizo de defensa
Chansey,Sustituto
Chansey,Triataque
Chansey,Venganza
Chansey,Rayo solar
Chansey,Descanso
Chansey,Pantalla de luz
Chansey,Psicoonda
Chansey,Psíquico
Chansey,Reflejo
Chansey,Teletransporte
Chansey,Tóxico
Tangela,Danza espada
Tangela,Atadura
Tangela,Cabezazo
Tangela,Corte
Tangela,Derribo
Tangela,Desarrollo
Tangela,Doble equipo
Tangela,Doble filo
Tangela,Furia
Tangela,Golpe cuerpo
Tangela,Hiperrayo
Tangela,Mimético
Tangela,Atizar
Tangela,Sustituto
Tangela,Venganza
Tangela,Absorber
Tangela,Megaagotar
Tangela,Paralizador
Tangela,Rayo solar
Tangela,Somnífero
Tangela,Descanso
Tangela,Polvo veneno
Tangela,Tóxico
Tangela,Restricción
Kangaskhan,Pistola de agua
Kangaskhan,Rayo burbuja
Kangaskhan,Surf
Kangaskhan,Rayo
Kangaskhan,Trueno
Kangaskhan,Llamarada
Kangaskhan,Rayo hielo
Kangaskhan,Ventisca
Kangaskhan,Contraataque
Kangaskhan,Movimiento sísmico
Kangaskhan,Sumisión
Kangaskhan,Cabezazo
Kangaskhan,Derribo
Kangaskhan,Doble equipo
Kangaskhan,Doble filo
Kangaskhan,Fuerza
Kangaskhan,Furia
Kangaskhan,Golpe cuerpo
Kangaskhan,Hiperrayo
Kangaskhan,Látigo
Kangaskhan,Malicioso
Kangaskhan,Megapatada
Kangaskhan,MegaPuño
Kangaskhan,Mimético
Kangaskhan,Mordisco
Kangaskhan,Puño cometa
Kangaskhan,Sustituto
Kangaskhan,Venganza
Kangaskhan,Descanso
Kangaskhan,Avalancha
Kangaskhan,Fisura
Kangaskhan,Terremoto
Kangaskhan,Tóxico
Kangaskhan,Puño mareo
Horsea,Burbuja
Horsea,Hidrobomba
Horsea,Pistola de agua
Horsea,Rayo burbuja
Horsea,Surf
Horsea,Puño trueno
Horsea,Rayo hielo
Horsea,Ventisca
Horsea,Cabezazo
Horsea,Derribo
Horsea,Doble equipo
Horsea,Doble filo
Horsea,Furia
Horsea,Malicioso
Horsea,Mimético
Horsea,Pantalla de humo
Horsea,Sustituto
Horsea,Venganza
Horsea,Agilidad
Horsea,Descanso
Horsea,Tóxico
Seadra,Hidrobomba
Seadra,Pistola de agua
Seadra,Rayo burbuja
Seadra,Surf
Seadra,Puño trueno
Seadra,Rayo hielo
Seadra,Ventisca
Seadra,Cabezazo
Seadra,Derribo
Seadra,Doble equipo
Seadra,Doble filo
Seadra,Furia
Seadra,Hiperrayo
Seadra,Malicioso
Seadra,Mimético
Seadra,Pantalla de humo
Seadra,Sustituto
Seadra,Venganza
Seadra,Agilidad
Seadra,Descanso
Seadra,Tóxico
Goldeen,Cascada
Goldeen,Pistola de agua
Goldeen,Rayo burbuja
Goldeen,Surf
Goldeen,Puño trueno
Goldeen,Rayo hielo
Goldeen,Ventisca
Goldeen,Ataque furia
Goldeen,Cabezazo
Goldeen,Cornada
Goldeen,Derribo
Goldeen,Doble equipo
Goldeen,Doble filo
Goldeen,Furia
Goldeen,Látigo
Goldeen,Mimético
Goldeen,Perforador
Goldeen,Supersónico
Goldeen,Sustituto
Goldeen,Venganza
Goldeen,Agilidad
Goldeen,Descanso
Goldeen,Tóxico
Goldeen,Picotazo
Seaking,Cascada
Seaking,Pistola de agua
Seaking,Rayo burbuja
Seaking,Surf
Seaking,Puño trueno
Seaking,Rayo hielo
Seaking,Ventisca
Seaking,Ataque furia
Seaking,Cabezazo
Seaking,Cornada
Seaking,Derribo
Seaking,Doble equipo
Seaking,Doble filo
Seaking,Furia
Seaking,Hiperrayo
Seaking,Látigo
Seaking,Mimético
Seaking,Perforador
Seaking,Supersónico
Seaking,Sustituto
Seaking,Venganza
Seaking,Agilidad
Seaking,Descanso
Seaking,Tóxico
Seaking,Picotazo
Staryu,Placaje
Staryu,Hidrobomba
Staryu,Pistola de agua
Staryu,Rayo burbuja
Staryu,Surf
Staryu,Onda trueno
Staryu,Puño trueno
Staryu,Rayo
Staryu,Trueno
Staryu,Rayo hielo
Staryu,Ventisca
Staryu,Cabezazo
Staryu,Derribo
Staryu,Destello
Staryu,Doble equipo
Staryu,Doble filo
Staryu,Fortaleza
Staryu,Furia
Staryu,Mimético
Staryu,Rapidez
Staryu,Recuperación
Staryu,Reducción
Staryu,Sustituto
Staryu,Triataque
Staryu,Venganza
Staryu,Descanso
Staryu,Pantalla de luz
Staryu,Psíquico
Staryu,Reflejo
Staryu,Teletransporte
Staryu,Tóxico
Starmie,Placaje
Starmie,Pistola de agua
Starmie,Rayo burbuja
Starmie,Surf
Starmie,Onda trueno
Starmie,Puño trueno
Starmie,Rayo
Starmie,Trueno
Starmie,Rayo hielo
Starmie,Ventisca
Starmie,Cabezazo
Starmie,Derribo
Starmie,Destello
Starmie,Doble equipo
Starmie,Doble filo
Starmie,Fortaleza
Starmie,Furia
Starmie,Hiperrayo
Starmie,Mimético
Starmie,Sustituto
Starmie,Triataque
Starmie,Venganza
Starmie,Descanso
Starmie,Psíquico
Starmie,Reflejo
Starmie,Teletransporte
Starmie,Tóxico
Mr. Mime,Onda trueno
Mr. Mime,Rayo
Mr. Mime,Trueno
Mr. Mime,Contraataque
Mr. Mime,Movimiento sísmico
Mr. Mime,Sumisión
Mr. Mime,Cabezazo
Mr. Mime,Derribo
Mr. Mime,Destello
Mr. Mime,Doble equipo
Mr. Mime,Doble filo
Mr. Mime,Doblebofetón
Mr. Mime,Furia
Mr. Mime,Golpe cuerpo
Mr. Mime,Hiperrayo
Mr. Mime,Megapatada
Mr. Mime,MegaPuño
Mr. Mime,Metrónomo
Mr. Mime,Mimético
Mr. Mime,Sustituto
Mr. Mime,Venganza
Mr. Mime,Rayo solar
Mr. Mime,Barrera
Mr. Mime,Confusión
Mr. Mime,Descanso
Mr. Mime,Meditación
Mr. Mime,Pantalla de luz
Mr. Mime,Psicoonda
Mr. Mime,Psíquico
Mr. Mime,Reflejo
Mr. Mime,Teletransporte
Mr. Mime,Tóxico
Scyther,Danza espada
Scyther,Puño trueno
Scyther,Ataque rápido
Scyther,Cabezazo
Scyther,Corte
Scyther,Cuchillada
Scyther,Derribo
Scyther,Doble equipo
Scyther,Doble filo
Scyther,Foco energía
Scyther,Furia
Scyther,Hiperrayo
Scyther,Malicioso
Scyther,Mimético
Scyther,Sustituto
Scyther,Venganza
Scyther,Agilidad
Scyther,Descanso
Scyther,Tóxico
Jynx,Pistola de agua
Jynx,Rayo burbuja
Jynx,Lenguetazo
Jynx,Puño hielo
Jynx,Rayo hielo
Jynx,Ventisca
Jynx,Contraataque
Jynx,Movimiento sísmico
Jynx,Sumisión
Jynx,Beso amoroso
Jynx,Cabezazo
Jynx,Derribo
Jynx,Destructor
Jynx,Doble equipo
Jynx,Doble filo
Jynx,Doblebofetón
Jynx,Furia
Jynx,Golpe
Jynx,Golpe cuerpo
Jynx,Hiperrayo
Jynx,Megapatada
Jynx,MegaPuño
Jynx,Metrónomo
Jynx,Mimético
Jynx,Sustituto
Jynx,Venganza
Jynx,Descanso
Jynx,Psicoonda
Jynx,Psíquico
Jynx,Reflejo
Jynx,Teletransporte
Jynx,Tóxico
Electabuzz,Impactrueno
Electabuzz,Onda trueno
Electabuzz,Puño trueno
Electabuzz,Rayo
Electabuzz,Trueno
Electabuzz,Contraataque
Electabuzz,Movimiento sísmico
Electabuzz,Sumisión
Electabuzz,Ataque rápido
Electabuzz,Cabezazo
Electabuzz,Chirrido
Electabuzz,Derribo
Electabuzz,Destello
Electabuzz,Doble equipo
Electabuzz,Doble filo
Electabuzz,Fuerza
Electabuzz,Furia
Electabuzz,Golpe cuerpo
Electabuzz,Hiperrayo
Electabuzz,Malicioso
Electabuzz,Megapatada
Electabuzz,MegaPuño
Electabuzz,Metrónomo
Electabuzz,Mimético
Electabuzz,Sustituto
Electabuzz,Venganza
Electabuzz,Descanso
Electabuzz,Pantalla de luz
Electabuzz,Psicoonda
Electabuzz,Psíquico
Electabuzz,Reflejo
Electabuzz,Teletransporte
Electabuzz,Tóxico
Magmar,Rayo confuso
Magmar,Ascuas
Magmar,Lanzallamas
Magmar,Llamarada
Magmar,Puño fuego
Magmar,Contraataque
Magmar,Movimiento sísmico
Magmar,Sumisión
Magmar,Cabezazo
Magmar,Derribo
Magmar,Doble equipo
Magmar,Doble filo
Magmar,Fuerza
Magmar,Furia
Magmar,Golpe cuerpo
Magmar,Hiperrayo
Magmar,Malicioso
Magmar,Megapatada
Magmar,MegaPuño
Magmar,Metrónomo
Magmar,Mimético
Magmar,Pantalla de humo
Magmar,Sustituto
Magmar,Venganza
Magmar,Descanso
Magmar,Psicoonda
Magmar,Psíquico
Magmar,Teletransporte
Magmar,Polución
Magmar,Tóxico
Pinsir,Danza espada
Pinsir,Movimiento sísmico
Pinsir,Sumisión
Pinsir,Agarre
Pinsir,Corte
Pinsir,Cuchillada
Pinsir,Derribo
Pinsir,Doble equipo
Pinsir,Doble filo
Pinsir,Foco energía
Pinsir,Fortaleza
Pinsir,Fuerza
Pinsir,Furia
Pinsir,Golpe cuerpo
Pinsir,Guillotina
Pinsir,Hiperrayo
Pinsir,Mimético
Pinsir,Sustituto
Pinsir,Venganza
Pinsir,Descanso
Pinsir,Tóxico
Tauros,Placaje
Tauros,Rayo
Tauros,Trueno
Tauros,Llamarada
Tauros,Rayo hielo
Tauros,Ventisca
Tauros,Cabezazo
Tauros,Derribo
Tauros,Doble equipo
Tauros,Doble filo
Tauros,Fuerza
Tauros,Furia
Tauros,Golpe cuerpo
Tauros,Hiperrayo
Tauros,Látigo
Tauros,Malicioso
Tauros,Mimético
Tauros,Perforador
Tauros,Pisotón
Tauros,Sustituto
Tauros,Venganza
Tauros,Descanso
Tauros,Fisura
Tauros,Terremoto
Tauros,Tóxico
Magikarp,Placaje
Magikarp,Salpicadura
Gyarados,Hidrobomba
Gyarados,Pistola de agua
Gyarados,Rayo burbuja
Gyarados,Surf
Gyarados,Furia dragón
Gyarados,Rayo
Gyarados,Trueno
Gyarados,Llamarada
Gyarados,Rayo hielo
Gyarados,Ventisca
Gyarados,Cabezazo
Gyarados,Derribo
Gyarados,Doble equipo
Gyarados,Doble filo
Gyarados,Fuerza
Gyarados,Furia
Gyarados,Golpe cuerpo
Gyarados,Hiperrayo
Gyarados,Malicioso
Gyarados,Mimético
Gyarados,Mordisco
Gyarados,Sustituto
Gyarados,Venganza
Gyarados,Descanso
Gyarados,Reflejo
Gyarados,Tóxico
Lapras,Hidrobomba
Lapras,Pistola de agua
Lapras,Rayo burbuja
Lapras,Surf
Lapras,Furia dragón
Lapras,Rayo
Lapras,Trueno
Lapras,Rayo confuso
Lapras,Neblina
Lapras,Rayo hielo
Lapras,Ventisca
Lapras,Cabezazo
Lapras,Canto
Lapras,Derribo
Lapras,Doble equipo
Lapras,Doble filo
Lapras,Fuerza
Lapras,Furia
Lapras,Golpe cuerpo
Lapras,Gruñido
Lapras,Hiperrayo
Lapras,Mimético
Lapras,Perforador
Lapras,Sustituto
Lapras,Venganza
Lapras,Rayo solar
Lapras,Descanso
Lapras,Psicoonda
Lapras,Psíquico
Lapras,Reflejo
Lapras,Tóxico
Ditto,Transformación
Eevee,Placaje
Eevee,Puño trueno
Eevee,Ataque arena
Eevee,Ataque rápido
Eevee,Cabezazo
Eevee,Derribo
Eevee,Doble equipo
Eevee,Doble filo
Eevee,Furia
Eevee,Golpe cuerpo
Eevee,Látigo
Eevee,Mimético
Eevee,Mordisco
Eevee,Sustituto
Eevee,Venganza
Eevee,Descanso
Eevee,Reflejo
Eevee,Tóxico
Vaporeon,Placaje
Vaporeon,Hidrobomba
Vaporeon,Pistola de agua
Vaporeon,Rayo burbuja
Vaporeon,Surf
Vaporeon,Puño trueno
Vaporeon,Neblina
Vaporeon,Niebla
Vaporeon,Rayo hielo
Vaporeon,Ventisca
Vaporeon,Ataque arena
Vaporeon,Ataque rápido
Vaporeon,Cabezazo
Vaporeon,Derribo
Vaporeon,Doble equipo
Vaporeon,Doble filo
Vaporeon,Furia
Vaporeon,Golpe cuerpo
Vaporeon,Hiperrayo
Vaporeon,Látigo
Vaporeon,Mimético
Vaporeon,Mordisco
Vaporeon,Sustituto
Vaporeon,Venganza
Vaporeon,Descanso
Vaporeon,Reflejo
Vaporeon,Armadura ácida
Vaporeon,Tóxico
Jolteon,Placaje
Jolteon,Pin misil
Jolteon,Impactrueno
Jolteon,Onda trueno
Jolteon,Puño trueno
Jolteon,Rayo
Jolteon,Trueno
Jolteon,Doble patada
Jolteon,Ataque arena
Jolteon,Ataque rápido
Jolteon,Cabezazo
Jolteon,Derribo
Jolteon,Destello
Jolteon,Doble equipo
Jolteon,Doble filo
Jolteon,Furia
Jolteon,Golpe cuerpo
Jolteon,Hiperrayo
Jolteon,Látigo
Jolteon,Mimético
Jolteon,Sustituto
Jolteon,Venganza
Jolteon,Agilidad
Jolteon,Descanso
Jolteon,Reflejo
Jolteon,Tóxico
Flareon,Placaje
Flareon,Puño trueno
Flareon,Ascuas
Flareon,Giro fuego
Flareon,Lanzallamas
Flareon,Llamarada
Flareon,Ataque arena
Flareon,Ataque rápido
Flareon,Cabezazo
Flareon,Derribo
Flareon,Doble equipo
Flareon,Doble filo
Flareon,Furia
Flareon,Golpe cuerpo
Flareon,Hiperrayo
Flareon,Látigo
Flareon,Malicioso
Flareon,Mimético
Flareon,Mordisco
Flareon,Sustituto
Flareon,Venganza
Flareon,Descanso
Flareon,Reflejo
Flareon,Tóxico
Porygon,Placaje
Porygon,Onda trueno
Porygon,Puño trueno
Porygon,Rayo
Porygon,Trueno
Porygon,Rayo hielo
Porygon,Ventisca
Porygon,Afilar
Porygon,Cabezazo
Porygon,Conversión
Porygon,Derribo
Porygon,Destello
Porygon,Doble equipo
Porygon,Doble filo
Porygon,Furia
Porygon,Hiperrayo
Porygon,Mimético
Porygon,Recuperación
Porygon,Sustituto
Porygon,Triataque
Porygon,Venganza
Porygon,Agilidad
Porygon,Descanso
Porygon,Psicoonda
Porygon,Psicorrayo
Porygon,Psíquico
Porygon,Reflejo
Porygon,Teletransporte
Porygon,Tóxico
Omanyte,Hidrobomba
Omanyte,Pistola de agua
Omanyte,Rayo burbuja
Omanyte,Refugio
Omanyte,Surf
Omanyte,Rayo hielo
Omanyte,Ventisca
Omanyte,Clavo cañón
Omanyte,Cornada
Omanyte,Derribo
Omanyte,Doble equipo
Omanyte,Doble filo
Omanyte,Furia
Omanyte,Golpe cuerpo
Omanyte,Malicioso
Omanyte,Mimético
Omanyte,Sustituto
Omanyte,Venganza
Omanyte,Descanso
Omanyte,Reflejo
Omanyte,Tóxico
Omastar,Hidrobomba
Omastar,Pistola de agua
Omastar,Rayo burbuja
Omastar,Refugio
Omastar,Surf
Omastar,Rayo hielo
Omastar,Ventisca
Omastar,Movimiento sísmico
Omastar,Sumisión
Omastar,Cabezazo
Omastar,Clavo cañón
Omastar,Cornada
Omastar,Derribo
Omastar,Doble equipo
Omastar,Doble filo
Omastar,Furia
Omastar,Golpe cuerpo
Omastar,Hiperrayo
Omastar,Malicioso
Omastar,Mimético
Omastar,Perforador
Omastar,Sustituto
Omastar,Venganza
Omastar,Descanso
Omastar,Reflejo
Omastar,Tóxico
Kabuto,Hidrobomba
Kabuto,Pistola de agua
Kabuto,Rayo burbuja
Kabuto,Surf
Kabuto,Rayo hielo
Kabuto,Ventisca
Kabuto,Movimiento sísmico
Kabuto,Sumisión
Kabuto,Arañazo
Kabuto,Cabezazo
Kabuto,Cuchillada
Kabuto,Derribo
Kabuto,Doble equipo
Kabuto,Doble filo
Kabuto,Fortaleza
Kabuto,Furia
Kabuto,Golpe cuerpo
Kabuto,Hiperrayo
Kabuto,Malicioso
Kabuto,Mimético
Kabuto,Sustituto
Kabuto,Venganza
Kabuto,Absorber
Kabuto,Descanso
Kabuto,Reflejo
Kabuto,Tóxico
Kabutops,Danza espada
Kabutops,Hidrobomba
Kabutops,Pistola de agua
Kabutops,Rayo burbuja
Kabutops,Surf
Kabutops,Rayo hielo
Kabutops,Ventisca
Kabutops,Movimiento sísmico
Kabutops,Sumisión
Kabutops,Arañazo
Kabutops,Cabezazo
Kabutops,Corte
Kabutops,Cuchillada
Kabutops,Derribo
Kabutops,Doble equipo
Kabutops,Doble filo
Kabutops,Fortaleza
Kabutops,Furia
Kabutops,Golpe cuerpo
Kabutops,Hiperrayo
Kabutops,Malicioso
Kabutops,Megapatada
Kabutops,Mimético
Kabutops,Sustituto
Kabutops,Venganza
Kabutops,Viento cortante
Kabutops,Absorber
Kabutops,Descanso
Kabutops,Reflejo
Kabutops,Tóxico
Aerodactyl,Furia dragón
Aerodactyl,Puño trueno
Aerodactyl,Llamarada
Aerodactyl,Derribo
Aerodactyl,Doble equipo
Aerodactyl,Doble filo
Aerodactyl,Furia
Aerodactyl,Hiperrayo
Aerodactyl,Mimético
Aerodactyl,Mordisco
Aerodactyl,Remolino
Aerodactyl,Supersónico
Aerodactyl,Sustituto
Aerodactyl,Venganza
Aerodactyl,Viento cortante
Aerodactyl,Agilidad
Aerodactyl,Descanso
Aerodactyl,Reflejo
Aerodactyl,Tóxico
Aerodactyl,Ataque aéreo
Aerodactyl,Ataque ala
Aerodactyl,Vuelo
Snorlax,Placaje
Snorlax,Pistola de agua
Snorlax,Rayo burbuja
Snorlax,Surf
Snorlax,Rayo
Snorlax,Trueno
Snorlax,Llamarada
Snorlax,Rayo hielo
Snorlax,Ventisca
Snorlax,Contraataque
Snorlax,Movimiento sísmico
Snorlax,Sumisión
Snorlax,Autodestrucción
Snorlax,Cabezazo
Snorlax,Derribo
Snorlax,Día de pago
Snorlax,Doble equipo
Snorlax,Doble filo
Snorlax,Fortaleza
Snorlax,Fuerza
Snorlax,Furia
Snorlax,Golpe cuerpo
Snorlax,Hiperrayo
Snorlax,Megapatada
Snorlax,MegaPuño
Snorlax,Metrónomo
Snorlax,Mimético
Snorlax,Sustituto
Snorlax,Venganza
Snorlax,Rayo solar
Snorlax,Amnesia
Snorlax,Descanso
Snorlax,Psicoonda
Snorlax,Psíquico
Snorlax,Reflejo
Snorlax,Avalancha
Snorlax,Fisura
Snorlax,Terremoto
Snorlax,Tóxico
Articuno,Pistola de agua
Articuno,Rayo burbuja
Articuno,Puño trueno
Articuno,Neblina
Articuno,Rayo hielo
Articuno,Ventisca
Articuno,Derribo
Articuno,Doble equipo
Articuno,Doble filo
Articuno,Furia
Articuno,Hiperrayo
Articuno,Mimético
Articuno,Remolino
Articuno,Sustituto
Articuno,Venganza
Articuno,Viento cortante
Articuno,Agilidad
Articuno,Descanso
Articuno,Reflejo
Articuno,Tóxico
Articuno,Ataque aéreo
Articuno,Picotazo
Articuno,Vuelo
Zapdos,Impactrueno
Zapdos,Onda trueno
Zapdos,Puño trueno
Zapdos,Rayo
Zapdos,Trueno
Zapdos,Derribo
Zapdos,Destello
Zapdos,Doble equipo
Zapdos,Doble filo
Zapdos,Furia
Zapdos,Hiperrayo
Zapdos,Mimético
Zapdos,Remolino
Zapdos,Sustituto
Zapdos,Venganza
Zapdos,Viento cortante
Zapdos,Agilidad
Zapdos,Descanso
Zapdos,Pantalla de luz
Zapdos,Reflejo
Zapdos,Tóxico
Zapdos,Ataque aéreo
Zapdos,Pico taladro
Zapdos,Vuelo
Moltres,Giro fuego
Moltres,Llamarada
Moltres,Malicioso
Moltres,Ataque aéreo
Moltres,Picotazo
Moltres,Vuelo
Dratini,Pistola de agua
Dratini,Rayo burbuja
Dratini,Surf
Dratini,Furia dragón
Dratini,Onda trueno
Dratini,Puño trueno
Dratini,Rayo
Dratini,Trueno
Dratini,Llamarada
Dratini,Rayo hielo
Dratini,Ventisca
Dratini,Cabezazo
Dratini,Derribo
Dratini,Doble equipo
Dratini,Doble filo
Dratini,Furia
Dratini,Golpe cuerpo
Dratini,Hiperrayo
Dratini,Malicioso
Dratini,Mimético
Dratini,Atizar
Dratini,Constricción
Dratini,Sustituto
Dratini,Venganza
Dratini,Agilidad
Dratini,Descanso
Dratini,Reflejo
Dratini,Tóxico
Dragonair,Pistola de agua
Dragonair,Rayo burbuja
Dragonair,Surf
Dragonair,Furia dragón
Dragonair,Onda trueno
Dragonair,Puño trueno
Dragonair,Rayo
Dragonair,Trueno
Dragonair,Llamarada
Dragonair,Rayo hielo
Dragonair,Ventisca
Dragonair,Cabezazo
Dragonair,Derribo
Dragonair,Doble equipo
Dragonair,Doble filo
Dragonair,Furia
Dragonair,Golpe cuerpo
Dragonair,Hiperrayo
Dragonair,Malicioso
Dragonair,Mimético
Dragonair,Perforador
Dragonair,Atizar
Dragonair,Constricción
Dragonair,Sustituto
Dragonair,Venganza
Dragonair,Agilidad
Dragonair,Descanso
Dragonair,Reflejo
Dragonair,Tóxico
Dragonite,Pistola de agua
Dragonite,Rayo burbuja
Dragonite,Surf
Dragonite,Furia dragón
Dragonite,Onda trueno
Dragonite,Puño trueno
Dragonite,Rayo
Dragonite,Trueno
Dragonite,Llamarada
Dragonite,Rayo hielo
Dragonite,Ventisca
Dragonite,Cabezazo
Dragonite,Derribo
Dragonite,Doble equipo
Dragonite,Doble filo
Dragonite,Fuerza
Dragonite,Furia
Dragonite,Golpe cuerpo
Dragonite,Hiperrayo
Dragonite,Malicioso
Dragonite,Mimético
Dragonite,Perforador
Dragonite,Atizar
Dragonite,Constricción
Dragonite,Sustituto
Dragonite,Venganza
Dragonite,Viento cortante
Dragonite,Agilidad
Dragonite,Descanso
Dragonite,Reflejo
Dragonite,Tóxico
Mewtwo,Pistola de agua
Mewtwo,Rayo burbuja
Mewtwo,Onda trueno
Mewtwo,Rayo
Mewtwo,Trueno
Mewtwo,Llamarada
Mewtwo,Neblina
Mewtwo,Rayo hielo
Mewtwo,Ventisca
Mewtwo,Contraataque
Mewtwo,Movimiento sísmico
Mewtwo,Sumisión
Mewtwo,Anulación
Mewtwo,Autodestrucción
Mewtwo,Cabezazo
Mewtwo,Derribo
Mewtwo,Destello
Mewtwo,Día de pago
Mewtwo,Doble equipo
Mewtwo,Doble filo
Mewtwo,Fuerza
Mewtwo,Furia
Mewtwo,Golpe cuerpo
Mewtwo,Hiperrayo
Mewtwo,Megapatada
Mewtwo,MegaPuño
Mewtwo,Metrónomo
Mewtwo,Mimético
Mewtwo,Rapidez
Mewtwo,Recuperación
Mewtwo,Sustituto
Mewtwo,Triataque
Mewtwo,Venganza
Mewtwo,Rayo solar
Mewtwo,Amnesia
Mewtwo,Barrera
Mewtwo,Confusión
Mewtwo,Descanso
Mewtwo,Psicoonda
Mewtwo,Psíquico
Mewtwo,Reflejo
Mewtwo,Teletransporte
Mewtwo,Tóxico
Mew,Danza espada
Mew,Pistola de agua
Mew,Rayo burbuja
Mew,Surf
Mew,Furia dragón
Mew,Onda trueno
Mew,Puño trueno
Mew,Rayo
Mew,Trueno
Mew,Llamarada
Mew,Rayo hielo
Mew,Ventisca
Mew,Contraataque
Mew,Movimiento sísmico
Mew,Sumisión
Mew,Amortiguador
Mew,Autodestrucción
Mew,Bomba huevo
Mew,Cabezazo
Mew,Corte
Mew,Derribo
Mew,Destello
Mew,Destructor
Mew,Día de pago
Mew,Doble equipo
Mew,Doble filo
Mew,Explosión
Mew,Fuerza
Mew,Furia
Mew,Golpe cuerpo
Mew,Hiperrayo
Mew,Megapatada
Mew,MegaPuño
Mew,Metrónomo
Mew,Mimético
Mew,Perforador
Mew,Remolino
Mew,Sustituto
Mew,Transformación
Mew,Triataque
Mew,Venganza
Mew,Viento cortante
Mew,Megaagotar
Mew,Rayo solar
Mew,Comesueños
Mew,Descanso
Mew,Psicoonda
Mew,Psíquico
Mew,Reflejo
Mew,Teletransporte
Mew,Avalancha
Mew,Excavar
Mew,Fisura
Mew,Terremoto
Mew,Tóxico
Mew,Ataque aéreo
Mew,Vuelo
